subject,condition,replication,leg,joint,min_angle,max_angle,mean_angle,std_angle,mean_velocity,std_velocity,max_velocity,ROM,ROM_diff,angle_corr
1,1,1,1,1,-7.35281653461582,13.3699760320298,7.850983830748363,5.137240142945174,0.02269359801725515,0.9016532700147197,2.498850088687086,21,5.0,0.9023374825493283
1,1,1,1,2,2.20045193455249,62.2392506381526,21.860145395747164,18.21423159921532,-0.01478446889696386,1.9786706631714486,3.7365492939464957,60,0.0,0.9870807203812635
1,1,1,1,3,-15.9650315726821,21.4014240254298,4.597240838790744,12.563371466342383,0.0022789258420158475,0.9128729440122001,1.8455949894962003,37,1.0,0.9871289250670869
1,1,1,2,1,-2.37306492698187,13.5848618620305,7.061942884998049,4.313285935031062,0.0017299120073641606,0.6973318261924585,1.2747463638247603,16,5.0,0.9023374825493283
1,1,1,2,2,2.09105355927314,62.4452949723391,22.2314824090484,18.466274860797046,-0.0015185294923892086,1.9011973339687345,3.552112291715801,60,0.0,0.9870807203812635
1,1,1,2,3,-13.5388891273977,22.0825529178335,5.737393903108018,12.731324220536345,0.0014027817349564486,0.8708596173320636,1.805619077041356,36,1.0,0.9871289250670869
1,1,2,1,1,-10.0211970508441,13.2214721637985,7.003370957847403,5.667427276738497,-0.011988458536660702,0.9328086916885437,2.5578650475464197,23,8.0,0.9241574241544479
1,1,2,1,2,2.29475895203545,64.3174813077065,22.046199876500783,19.048640585205675,0.0016348459276785184,1.9983750692584428,3.7316396991401035,62,-2.0,0.9899777472575353
1,1,2,1,3,-17.4920033316658,20.4841422135848,2.934971687439586,12.9903568701731,-0.00020305519204354868,0.9286568672790614,2.11550749278726,38,1.0,0.9947475572221917
1,1,2,2,1,-3.12254919121485,11.8657040677043,7.019926405955364,4.114042884056439,-0.0002122379987710869,0.6972116888434887,1.200929467075659,15,8.0,0.9241574241544479
1,1,2,2,2,2.27791849536491,66.1910368302963,24.393792843775053,19.66629249654337,0.009866282766644056,1.9733761051092058,3.838199133443098,64,-2.0,0.9899777472575353
1,1,2,2,3,-13.2015544161314,24.1090560282645,7.028008242692005,12.736948399577804,-0.00033880199402177164,0.8987778617181509,1.6944088321836341,37,1.0,0.9947475572221917
1,1,3,1,1,-7.87340403351337,12.6625956142366,6.907689727941114,5.103548128424657,-0.01106221293738455,0.9225872955094031,2.486274715710341,21,1.0,0.9773589881399328
1,1,3,1,2,-0.127214521285225,62.8052165423574,21.32270149002979,18.66964922332693,-0.023693605581676266,2.0351446717015063,3.7179368873546963,63,1.0,0.997536006664764
1,1,3,1,3,-16.2313245463333,21.2615348656903,4.043684144951761,12.74338141995279,0.0019080359359494822,0.9318224483679105,1.995442612934906,37,-3.0,0.9993428340975649
1,1,3,2,1,-5.89526110634224,13.877306892223,6.819899811990868,4.944802366419429,4.98575970350487e-05,0.8129166041721683,1.646370285248771,20,1.0,0.9773589881399328
1,1,3,2,2,3.3326817183953,65.300056736762,23.22912461124372,18.87431608444793,-0.00022617929920910597,2.016909060629828,3.9138505815861038,62,1.0,0.997536006664764
1,1,3,2,3,-16.203803065741,23.4342500486747,5.152094401599079,13.457144123764749,-0.0029746212262475053,0.9717274900081747,2.064483058362343,40,-3.0,0.9993428340975649
1,1,4,1,1,-7.54522386663254,11.7804792479208,6.3803509372885285,4.719325820413041,-0.0018424797503953513,0.8223660934529796,2.085365268302504,19,1.0,0.9722646006115598
1,1,4,1,2,-0.291447413215326,65.1606934442393,21.38290357629153,19.686662219782736,-0.00879057405431909,2.1043855596086845,3.953543203368799,65,2.0,0.9978098880020558
1,1,4,1,3,-16.4674028536939,22.0737128737571,4.9308181219812095,12.886680733329927,-0.0035464476023484934,0.9609903164902346,2.008317861078449,39,-1.0,0.9972588573929775
1,1,4,2,1,-5.0862944358961,13.0194798375719,6.85450926522995,4.717388278206107,-0.009874541543918322,0.8039216641352285,1.7445942623863608,18,1.0,0.9722646006115598
1,1,4,2,2,3.10668658059464,65.8020158961082,23.37751081312421,18.796024532598615,-0.0033822967366473225,2.023327568051344,3.9670966305732023,63,2.0,0.9978098880020558
1,1,4,2,3,-14.5894056001543,24.997317025362,6.430136356411358,13.252425949659893,0.009910768923330687,0.9650434052260263,2.0438124926288896,40,-1.0,0.9972588573929775
1,1,5,1,1,-6.2089215804764,13.0144915633636,6.618723695249363,4.705379904005076,-0.006036443409845341,0.8368892267430209,2.0986283294382333,19,1.0,0.976409199584079
1,1,5,1,2,-0.14836349656785,62.9037601549697,20.02906168889835,19.358361592034683,0.014180275211497622,2.0225165246358308,3.6329377873128976,63,0.0,0.9948860705140048
1,1,5,1,3,-16.2894729196721,20.981105899443,4.116368231454649,12.718004553388107,-0.0045645379902801856,0.9297025455370085,2.047337331959878,37,-1.0,0.996172465582024
1,1,5,2,1,-4.74968617596794,12.8160348568651,6.7312782623395755,4.536130677001891,0.002763005119648508,0.7952228646761824,1.812349009473913,18,1.0,0.976409199584079
1,1,5,2,2,1.08216123065689,64.0936596464189,21.839640518791537,18.954727258218224,-0.020704202954390294,2.0163402613227293,3.8070931816471045,63,0.0,0.9948860705140048
1,1,5,2,3,-15.4041866749183,22.5743563279275,5.738953997022901,12.965367624775457,-0.01770203394531683,0.9309400173599308,1.8993321880411997,38,-1.0,0.996172465582024
1,1,6,1,1,-5.80102535698527,12.4584085751186,7.000177200434211,4.682540531210917,0.008607005682101189,0.8138143161056268,1.885025576225221,18,1.0,0.9516894625375558
1,1,6,1,2,1.47299985873611,64.5994827781629,21.232839699340197,19.582726637724004,0.011173485679494858,2.079218373476801,4.096872184491399,63,1.0,0.9966288357859896
1,1,6,1,3,-16.5649205186432,21.7554693336269,4.007157084762682,13.067053121074933,0.009359242286019807,0.9482209355070181,1.8837930520826198,38,-1.0,0.9990063562794737
1,1,6,2,1,-4.20615565111661,12.350111892586,6.324595407492451,4.354662292519085,-0.006842408484700597,0.7386103554432042,1.6608173128740629,17,1.0,0.9516894625375558
1,1,6,2,2,1.27796515195286,63.5219222815766,21.301711690787226,19.03085177669896,0.0031650167021479206,1.9827707798737608,3.803259796377006,62,1.0,0.9966288357859896
1,1,6,2,3,-15.4566694548585,23.2335424551978,5.051328702626814,13.240839926143657,0.009614025173646545,0.9449865864449966,1.8496756733649,39,-1.0,0.9990063562794737
1,1,7,1,1,-6.26446752661424,13.4935859162214,7.163482045435561,5.066778397208087,-0.017569599069244858,0.8687960839897529,2.069456420877179,20,1.0,0.9539422990356334
1,1,7,1,2,0.287450671929204,63.9872944090414,21.752690004993955,18.63231196766595,-0.026107379357580354,2.0397480481142733,3.791750907372297,64,0.0,0.9899636409490299
1,1,7,1,3,-16.9008592619056,22.2713818456538,4.179243875540011,13.234596772125098,-0.008920261730413867,0.9816271377798043,2.17889639522914,39,2.0,0.9935966960266909
1,1,7,2,1,-5.16947244964889,13.8877840272892,7.0721558043961625,4.827318826315028,-0.007597950395456931,0.816534392852594,1.8659709557910817,19,1.0,0.9539422990356334
1,1,7,2,2,1.88278468843287,65.893068454402,23.232581636665632,19.414974665349725,0.014203003672406836,2.0295771145210435,4.012632852542403,64,0.0,0.9899636409490299
1,1,7,2,3,-15.291569411086,21.8041332664507,5.564871024932528,13.106228695281725,-0.01575767824462774,0.9292429293622942,1.8279359825007395,37,2.0,0.9935966960266909
1,1,8,1,1,-6.55367139654414,13.8727977348953,6.987138920830677,5.0109552151204815,0.012446139972988218,0.8464653740130765,1.9361582004053,20,5.0,0.940039438335875
1,1,8,1,2,0.436198481287532,64.1680254598066,21.6538981263779,19.213074648226627,0.013561877755735231,2.0482395251710823,3.9553465497096028,64,2.0,0.9977217302958605
1,1,8,1,3,-15.9586229138472,21.520988369863,4.915485280470977,12.615130259418374,0.003945073032433686,0.9282998836693406,1.9470181448980155,37,0.0,0.9973166000628405
1,1,8,2,1,-2.25428619559284,12.7722254119022,6.454471057998229,4.125975099931399,0.0038089666753748546,0.6815012839312605,1.2028402537048168,15,5.0,0.940039438335875
1,1,8,2,2,1.61651009941841,63.532247412691,21.551090078108317,18.73271475840993,-0.015009895111121389,1.9982700417152244,3.794024356804101,62,2.0,0.9977217302958605
1,1,8,2,3,-15.137379171878,22.3611247179315,5.176862984622128,12.708067427112894,0.008393590827300967,0.9259304739993335,2.0158452982538737,37,0.0,0.9973166000628405
1,1,9,1,1,-4.56366556611159,12.7101297840282,7.0464192131037375,4.310895131061545,-0.003356320957999498,0.7906839251838115,1.84442666677776,17,-2.0,0.9747661191984782
1,1,9,1,2,0.321980350202698,62.7939868257327,20.893777236986296,18.609907898696818,-0.008509875892559407,2.0752167787539504,3.839920637347099,62,-3.0,0.9968664770109505
1,1,9,1,3,-16.7565192352656,20.6244367265133,4.757068127465559,13.092113607837373,-0.0001269713530247584,0.9651674980680714,2.06649999942087,37,-3.0,0.9898683926366553
1,1,9,2,1,-5.75459037758672,13.0233598423096,6.514058438705942,4.627319790028875,0.0155211100695498,0.7850612861381728,1.788348517142329,19,-2.0,0.9747661191984782
1,1,9,2,2,0.459955203759965,65.9436638184133,22.533884567553876,19.60573129235159,-0.015371114594560602,2.0966960419813736,3.9956370244686,65,-3.0,0.9968664770109505
1,1,9,2,3,-15.6405002772645,24.1038906113684,5.458829695174384,13.481384885743518,-0.0027980735945366355,0.9754817110981838,1.98748436708291,40,-3.0,0.9898683926366553
1,1,10,1,1,-6.62117663662507,12.4754195724125,6.95042736074127,4.893010339454778,-0.007729712068519798,0.9067023857296723,2.109795866932632,19,2.0,0.9642669327198978
1,1,10,1,2,0.830418715532841,63.6341613226649,21.228567546987875,19.241822525094644,-0.006772244975653861,2.076242860017709,4.003026189272401,63,0.0,0.9967963563504879
1,1,10,1,3,-15.9458796770049,20.7986493766366,4.6704111365717464,12.878664710055734,-0.008731193177464363,0.9211547208717737,1.918611010306857,37,-1.0,0.9984122931504298
1,1,10,2,1,-3.89367227083897,13.4702826275369,6.968751842724623,4.488192029638049,-0.02841490913472,0.7803142582594513,1.527040064013489,17,2.0,0.9642669327198978
1,1,10,2,2,1.14648049838951,64.409984597999,22.196083071905864,19.360901657589686,0.016298762929901588,2.0014460136684016,3.886221833163198,63,0.0,0.9967963563504879
1,1,10,2,3,-15.3660956925607,22.5913866091905,5.4499894667928235,13.221414039762243,0.003535223197279218,0.9308079529962244,1.900796852772417,38,-1.0,0.9984122931504298
1,2,1,1,1,-0.0107231028902035,12.364693551461,7.674092735819446,3.637145252461426,0.008356935610577822,0.624952417772029,1.3200332772528798,12,-5.0,0.43014591599571383
1,2,1,1,2,3.06074555103965,59.9627718298765,20.650966847068386,18.107748525378227,0.010786035888748019,1.8710550813308326,3.7322377134709015,57,31.0,0.6373126239898192
1,2,1,1,3,-12.414573287936,23.0874960036212,7.828855890839233,12.242602147116505,0.02761663936953861,0.8586680050579123,1.824059001350377,36,7.0,0.9574187975156158
1,2,1,2,1,-2.30248895309046,14.9391277874855,7.644251888831449,4.86774202859635,0.014627264454928717,0.535427152472655,0.8981742101035,17,-5.0,0.43014591599571383
1,2,1,2,2,0.385241933477681,26.4401729373987,9.248876703893895,6.9685401387277235,0.012259724972140486,0.7996080192737619,2.2750560421333006,26,31.0,0.6373126239898192
1,2,1,2,3,-13.0856606185125,16.3190966269324,0.9514067312324808,9.758276386111415,0.021015712608827727,0.6501550320351724,1.2066530281392,29,7.0,0.9574187975156158
1,2,2,1,1,-2.5118387565196,13.4106701146295,7.532093297764333,4.407945694402399,-0.006614471318048118,0.7105677957136602,1.546086524436688,16,1.0,0.30159441597593445
1,2,2,1,2,0.723222564127038,65.5762781479363,21.946554635884947,19.468564179915717,-0.034829230620439286,2.1367998810832147,4.112035640166603,65,42.0,0.35211319470613706
1,2,2,1,3,-13.1339689006726,24.3168904688044,8.464068285285373,12.605105870470085,-0.03097637103197426,0.961176271248578,2.017221480280001,37,8.0,0.9436105607132956
1,2,2,2,1,-0.97477041357142,13.5981964199449,7.760580886406151,4.244869158152447,0.006785606841508312,0.49478304602880474,0.807748386740629,15,1.0,0.30159441597593445
1,2,2,2,2,-1.40311349781517,21.297236349963,7.731288035343814,5.595919767599254,-0.019099004074088207,0.6990175803493136,2.0254263114956004,23,42.0,0.35211319470613706
1,2,2,2,3,-12.8383509261985,16.1830272719938,0.8660755747727226,10.060445064668468,-0.0022674502787316795,0.6775869280341019,1.29687144155402,29,8.0,0.9436105607132956
1,2,3,1,1,-1.19385698350897,15.2049602954975,8.292180959748032,4.665634288857855,-0.001765354171988807,0.7663960677615026,1.7522064545945297,16,0.0,0.24727199568521585
1,2,3,1,2,1.01837160770017,60.6925162446041,19.697473028455704,17.30877766379226,0.016497958724463264,2.0002185159761035,3.9862433652311964,60,35.0,0.24952992286717818
1,2,3,1,3,-13.1196679238539,22.7766215398273,7.704707154537523,12.20703353720808,0.011204966432766323,0.9114322324479961,2.0576310970884606,36,7.0,0.9372359642022522
1,2,3,2,1,-2.47999516721102,13.4758793355201,7.060294515133622,4.283554079031925,-0.0049059235539402005,0.6102216199497349,1.1749064070764899,16,0.0,0.24727199568521585
1,2,3,2,2,-0.943225250682941,24.3043574524915,8.840968536388665,6.527563592673516,-0.0032062589458244856,0.7729725348765386,2.0110267943750983,25,35.0,0.24952992286717818
1,2,3,2,3,-12.9074335268651,15.7520093051129,0.44308100610714024,9.91466384569439,-0.007093491516958409,0.6648537622586661,1.18231355433672,29,7.0,0.9372359642022522
1,2,4,1,1,1.567162725815,13.9691337612737,8.530123633587891,3.634214042002087,0.012751541296195738,0.6307146730798763,1.3049542006771002,12,-5.0,0.41225943356671485
1,2,4,1,2,2.45121535867477,59.9797081095139,19.72113763058892,18.187714785271197,-0.0023264733062838662,1.9531971010985139,4.056384632189701,58,35.0,0.3223499153813054
1,2,4,1,3,-13.7461700551433,21.8766472285241,7.620904879158754,12.43154766582964,0.009211208077674287,0.899203587354278,1.90006488066905,36,9.0,0.9540067843911705
1,2,4,2,1,-1.94543162370911,14.6291419404851,8.160705538901079,4.744761392520077,0.008403899920196935,0.5372587840192404,0.7841565225085241,17,-5.0,0.41225943356671485
1,2,4,2,2,-0.15113860360984,23.2829783886683,8.584476726795446,6.267662623006738,0.024402185168441386,0.7216405409473959,1.6444824345485998,23,35.0,0.3223499153813054
1,2,4,2,3,-9.73548229642963,17.0454761206207,2.092600998071147,9.305708710529567,0.019509663305100018,0.6134838737591619,1.1735284102749697,27,9.0,0.9540067843911705
1,2,5,1,1,-4.5401162634604,13.167066691532,7.300735703804451,4.88355492522737,-0.04236701489663792,0.8604719980411066,2.105194903736947,18,3.0,0.2684591934933187
1,2,5,1,2,1.86062106624429,64.028747707404,21.241840337019745,18.91154600793731,-0.007084446818579008,2.072227954249013,4.040292683344802,62,39.0,0.26216046042837604
1,2,5,1,3,-12.265943240542,23.3586624298313,8.624233212728573,12.223313311015652,-0.02639252721047228,0.9257207569075927,2.034664103828555,36,5.0,0.9278176803318628
1,2,5,2,1,-3.25656864734255,12.0308002257146,6.343920973457101,3.999712738362615,-0.01028043962627139,0.5911680388048923,0.9942940463860301,15,3.0,0.2684591934933187
1,2,5,2,2,-2.3896633362745,20.4546654652799,6.501166499289421,5.658124996399758,-0.043065222770198516,0.6746663180482649,1.8739177337646993,23,39.0,0.26216046042837604
1,2,5,2,3,-13.9174328664892,16.9039200991686,-0.6898942354777218,9.900263646276576,-0.02953076648103467,0.6753173760309225,1.2863150793777511,31,5.0,0.9278176803318628
1,2,6,1,1,1.16812889375257,16.8164286981178,9.002854670953885,4.790316536684609,-0.008233813473389901,0.6310819824439738,1.0037688925252297,16,1.0,0.5664553283167988
1,2,6,1,2,2.34898242478822,61.3082943492171,22.237891643546995,17.548388103413803,0.011880838364269604,1.9800399038853798,3.9177374223845973,59,33.0,0.4205436840319559
1,2,6,1,3,-11.5455841487394,24.7040629978688,9.721840521615379,11.888384491582533,0.021962184934624724,0.9134337702421506,1.9871276869518701,36,8.0,0.9295847981555276
1,2,6,2,1,-2.00498990100439,12.7220559812006,7.504765429296432,4.264527629511299,0.012247834517567325,0.49277068278252484,0.7987601362967904,15,1.0,0.5664553283167988
1,2,6,2,2,-2.78013880541051,22.7350073910778,7.402723697819473,6.495512581135913,-0.0003557777633848508,0.7717047140564799,1.9075975267451977,26,33.0,0.4205436840319559
1,2,6,2,3,-14.4261496260402,13.8777696348762,-1.3931585996376143,9.593794618536709,-0.009373699893315851,0.6366227185966779,1.2786642134227648,28,8.0,0.9295847981555276
1,2,7,1,1,-4.64532953365668,12.5968274568764,6.838787207607373,4.908295374156092,0.017195198995854456,0.834088237118465,1.95236812934855,17,3.0,0.30567998946006436
1,2,7,1,2,1.14835113975319,62.268138863178,21.47842050407026,18.544615265347197,-0.021559590071059797,2.0263856352092984,4.014552811311198,61,40.0,0.3689064740258222
1,2,7,1,3,-12.1729264726537,24.1419992010068,8.446882027525389,12.462579987148718,-0.004198723098635641,0.9320108962439185,1.9403831861502994,36,9.0,0.9584061133745096
1,2,7,2,1,-1.15412185925258,12.9629100146168,7.634657603561542,4.021868178032186,-0.020566022387810096,0.47434673030098057,0.7121309410282599,14,3.0,0.30567998946006436
1,2,7,2,2,-2.45924114051684,18.5296023800415,5.726678818241627,5.369583363373821,0.007076023848544406,0.6646717866230745,1.832899187738601,21,40.0,0.3689064740258222
1,2,7,2,3,-13.5428570135194,13.2311872061871,-0.5486150528434471,9.139031413315532,0.002890366667847508,0.6114590440507763,1.114617563017339,27,9.0,0.9584061133745096
1,2,8,1,1,0.417328435431283,15.3196830590945,8.661375748527865,4.43826925547044,0.03293503516366762,0.7267164298342992,1.6171888929604497,15,2.0,0.5439428517633841
1,2,8,1,2,-2.11802970402051,62.2671037055882,21.0486246875817,18.27375780204593,-0.034554654186112574,2.107446459419144,3.9626344620106977,64,41.0,0.46911184664151523
1,2,8,1,3,-11.1558025250501,24.6138757154556,9.465008883285156,12.260183120376723,0.0007426416830554531,0.9252812579137265,2.084188887739182,36,8.0,0.9309234487319731
1,2,8,2,1,-1.874225349513,11.5737249130414,6.7545880211739036,3.820069215067932,0.002197719070921091,0.46499690266944854,0.8130425891350894,13,2.0,0.5439428517633841
1,2,8,2,2,-1.54033081941357,21.3364457398772,7.386356646162029,6.344634219037659,0.002083924627889553,0.7464302426992585,1.7456474922510008,23,41.0,0.46911184664151523
1,2,8,2,3,-13.2163925572426,14.9151162968859,-1.083546357089869,9.333980590393935,0.01731391842146138,0.6241215266873629,1.045930685785231,28,8.0,0.9309234487319731
1,2,9,1,1,-1.17885426660831,14.0738414645816,7.703885161982783,4.135755803765979,-0.011629902858706631,0.6805573458287962,1.4654322222166198,15,1.0,0.24035224648206252
1,2,9,1,2,-1.24879543710374,63.3985121170454,19.89192490729307,19.474057376000445,0.039647415983140505,2.030986879364671,3.9658796749260006,65,42.0,0.4692523224713586
1,2,9,1,3,-12.2565036989889,23.3850703808007,8.202518296694368,12.183295691630748,-0.0023240274497386025,0.9125396085688183,2.0189159241411962,36,7.0,0.9456670955703634
1,2,9,2,1,-1.34901644368002,12.5229110607313,6.264740064592756,3.835252528299813,0.024318485445278412,0.5221916606157909,1.1331775259663104,14,1.0,0.24035224648206252
1,2,9,2,2,-1.69802553036365,21.3726966759796,6.597709512319322,6.043887394704448,-0.011217329419012427,0.7433026329856592,2.1364597259977014,23,42.0,0.4692523224713586
1,2,9,2,3,-13.5813471983126,14.9423587424799,-0.010328907814024044,9.724066013289356,-0.00033516660461978606,0.6536503956822111,1.244952153396531,29,7.0,0.9456670955703634
1,2,10,1,1,1.70785973608079,15.2008505855721,9.64835365026631,4.081544933596749,0.01625982393743931,0.6280705894304064,1.3826642717285296,13,-1.0,0.4836919399459385
1,2,10,1,2,3.07341228674945,60.4585295714142,22.71489660814063,16.81323211824157,0.005980866214635544,1.9206450484084838,3.948138021138302,57,34.0,0.5438514635797453
1,2,10,1,3,-10.5560759914089,25.0111537044441,10.557931035867368,12.116721737255556,0.017743379373450476,0.899390653765647,1.8009819637227,36,8.0,0.9336761898686361
1,2,10,2,1,-1.33125771537374,12.6133044739336,6.953119161873007,4.117228490789063,-0.012295130523539508,0.5243056623698316,1.0638142278308491,14,-1.0,0.4836919399459385
1,2,10,2,2,-2.03464510264606,21.2483956636182,6.832680992332671,5.937716635540851,-0.005101152624590593,0.7280803918784471,1.8693753961469,23,34.0,0.5438514635797453
1,2,10,2,3,-13.3777729191719,14.9375659774552,-0.6691468219540869,9.5655119874886,0.0009406886205841614,0.6497515769501118,1.284454254332482,28,8.0,0.9336761898686361
1,3,1,1,1,-5.03220832774613,12.1848940865632,7.559693218820362,4.3158869169185055,0.020954066073431775,0.7112140345955046,1.729613459771644,17,13.0,0.8676683175117188
1,3,1,1,2,2.35212084031879,61.1629718457664,22.223086013422435,18.844974340901057,0.009467405259617624,1.8074476175179706,3.0730171217183937,59,3.0,0.9454945568022218
1,3,1,1,3,-10.2612473628202,22.2922250520675,6.617097778360702,11.036980468046234,0.012342452630753453,0.7819406534008945,1.5808527966341401,33,-9.0,0.9808723701798625
1,3,1,2,1,-4.72255585617278,-0.497434410097506,-2.174498470558784,1.1162997200404423,0.0026763873531673275,0.20710990073738175,0.4893258052902998,4,13.0,0.8676683175117188
1,3,1,2,2,-0.289996327455673,55.3947743793274,15.539386907458113,18.520295213070302,-0.011143063148303661,1.8382349071550288,3.7434251406270995,56,3.0,0.9454945568022218
1,3,1,2,3,-15.4414332894139,26.8292659557934,3.6404917613241827,13.92366687134058,0.015340474924927731,0.9977473691318038,2.095841986967317,42,-9.0,0.9808723701798625
1,3,2,1,1,-4.09018716844131,13.4606231599724,7.681342224018471,4.345527381422439,-0.0022579444110511883,0.7445480158416903,1.89084294074888,18,14.0,0.7422403280721993
1,3,2,1,2,2.63165617911409,57.2462646584725,18.988501732476234,17.027098936976266,-0.005172033042117921,1.8403773907153753,3.6355919751385954,55,-3.0,0.9835942795468647
1,3,2,1,3,-15.2096608530298,20.4278467680984,6.088525665190816,12.34989859899735,0.0031626157386138555,0.8926587955994254,1.96536493039349,36,-7.0,0.9076681811262182
1,3,2,2,1,-5.26995346192328,-0.959019719712518,-2.9090915898558043,0.9973743740920898,0.010643612577867228,0.1685381829198183,0.30569135853145024,4,14.0,0.7422403280721993
1,3,2,2,2,0.799629919374352,58.8970426250364,19.05617212669147,19.260869701337583,0.030996096252234158,1.8658688245689137,3.7052919160536,58,-3.0,0.9835942795468647
1,3,2,2,3,-15.7959502818562,27.5831023724642,5.815739201402167,13.788495437057401,-0.006331024930332668,1.020169045388167,1.9268521394874103,43,-7.0,0.9076681811262182
1,3,3,1,1,-7.04872129782375,12.4949426308487,6.699647922360064,4.761209346465536,0.010225020564026337,0.7430848149718309,1.8739631758438167,20,15.0,0.7931366274931243
1,3,3,1,2,-1.63924863516601,62.0357488350389,20.246083225423746,18.7598336532952,-0.031640569422496614,2.031074817298393,3.610152967876104,64,8.0,0.9583582577703386
1,3,3,1,3,-14.8226896456649,19.6886706309342,4.87373484911458,12.029853183752765,-0.015094588822278229,0.9167341937282351,2.07210356615336,35,-9.0,0.9618957535990817
1,3,3,2,1,-6.44200086559195,-1.10224193493803,-3.262527756207227,1.1288818061162722,-0.011692434167437522,0.21274084351072392,0.39342147812829964,5,15.0,0.7931366274931243
1,3,3,2,2,2.28455507692265,58.7501119170865,19.705135454215934,19.14871874115545,0.026051434506022573,1.7242477812783934,3.364352544049197,56,8.0,0.9583582577703386
1,3,3,2,3,-16.4189248491137,27.7780284618759,5.150067203634338,14.01633036363036,0.023638630666405924,0.9876175330774949,1.9238551553865104,44,-9.0,0.9618957535990817
1,3,4,1,1,-3.46001212106216,11.4005684132473,7.189975749642229,3.9067218759967135,-0.007320773363368814,0.6677805614171926,1.5444733576558103,15,10.0,0.821484928438381
1,3,4,1,2,0.302230170721525,57.2175368223553,18.992192618060898,17.383179171648266,0.02488334268601827,1.8633946201957958,3.4743821846057976,57,1.0,0.9801657385360886
1,3,4,1,3,-15.0653198015744,19.8244757031151,4.5862424570808225,12.405924960177968,0.011385664026928697,0.8690703014760724,1.7143414725906503,35,-7.0,0.9795716941983752
1,3,4,2,1,-5.93857135826585,-1.20989676996689,-2.9185876933842527,1.2944869056895991,-0.01254603232319742,0.24040682698912966,0.5498280581864101,5,10.0,0.821484928438381
1,3,4,2,2,3.84902692172245,59.617645603503,19.379519312709107,18.851601900878677,-0.022903331546869805,1.832763599113768,3.5766163668569995,56,1.0,0.9801657385360886
1,3,4,2,3,-15.588328436526,26.644280696175,5.595716756077921,13.368532472736701,-0.023204040802889115,1.0181559066230597,2.13500745154488,42,-7.0,0.9795716941983752
1,3,5,1,1,-8.98819305169116,11.6108840985977,6.453626824496727,5.138517453893777,0.004000236077927925,0.8363229892642013,2.573841050525048,21,17.0,0.6628177269827282
1,3,5,1,2,3.07368877993631,58.1949053231489,20.329678036397755,17.171256649166207,0.013941026245193265,1.8508792206770543,3.408053254672005,55,-2.0,0.9743423620038391
1,3,5,1,3,-15.5538340084547,22.8803705320506,5.1667017759289635,13.108851958395514,-0.006308712763299976,0.9490138074422193,1.9513843345686899,38,-7.0,0.9603966916814625
1,3,5,2,1,-4.98915122723581,-1.1455348722814,-2.8160940648533117,1.0717318177613633,0.006835578914241387,0.1898323369818382,0.5715573488771,4,17.0,0.6628177269827282
1,3,5,2,2,1.57915949697302,58.2548385800523,18.271199177526714,19.3878285532957,0.029831787016397725,1.729996835969168,3.4583485870942,57,-2.0,0.9743423620038391
1,3,5,2,3,-16.9519613867886,27.7996415491717,5.415254651437906,13.967896902258243,0.018092461160676237,1.009813343785225,1.8648995641975095,45,-7.0,0.9603966916814625
1,3,6,1,1,-7.19989156952742,11.9550159824554,6.860033047291538,4.685366081256631,-0.012835476985086237,0.7944576667833312,2.072794569196652,19,14.0,0.5881512701596895
1,3,6,1,2,-1.67755163929085,61.3716594254993,19.44192727786597,18.99963453554067,-0.05371346578646671,2.055215924008682,3.8140920255458965,63,6.0,0.9727940357865359
1,3,6,1,3,-16.6134974339689,21.7711029947091,4.6487746103845975,12.624900911335889,-0.010638560251700985,0.9627080471518168,2.10469242409742,38,-8.0,0.9804024934953256
1,3,6,2,1,-5.55142887502288,-0.232029882074455,-2.4766777070590114,1.2573033618054874,0.00884988146596416,0.2556829057814482,0.77398161886434,5,14.0,0.5881512701596895
1,3,6,2,2,1.70725162520135,59.1446219427382,20.432119001376154,19.219020547828162,0.013829292004354862,1.7914556078908823,3.9929675719660978,57,6.0,0.9727940357865359
1,3,6,2,3,-19.0280982847942,27.0300400500832,5.011335130124748,14.853090867459834,0.0179120405851911,1.0577401296002955,2.0393825288783107,46,-8.0,0.9804024934953256
1,3,7,1,1,-5.10112652056411,13.5968353827982,7.232534921917535,4.591087280879884,0.014376152471185743,0.723173657867844,1.7442929354823682,19,14.0,0.7959980029189152
1,3,7,1,2,-0.923141446039795,59.104738933699,19.402649793755646,17.71676903846768,0.0039498302935420514,2.0259815697065173,3.5086182300397013,60,1.0,0.9295207809998179
1,3,7,1,3,-14.2622207374217,21.2962567917903,4.935023914037768,12.289012562506436,0.008567955232597051,0.9251905918061472,1.9051851901951462,36,-10.0,0.9786755640876506
1,3,7,2,1,-5.73752787738978,-0.435243878122846,-2.567967966162863,1.2576863406496566,-3.716417341683357e-05,0.21463104567687605,0.47998686972212035,5,14.0,0.7959980029189152
1,3,7,2,2,0.0841034829973898,59.0720232971655,18.630322845218327,19.89727132852815,0.021017609874289613,1.7615301755741473,3.797755300685502,59,1.0,0.9295207809998179
1,3,7,2,3,-17.6898543093157,28.5349195032196,5.153134511050422,15.158310734520214,0.014053118114005943,1.0535333179775548,1.9520987868592998,46,-10.0,0.9786755640876506
1,3,8,1,1,-3.06464543188841,12.6333968699847,6.975014841429228,3.9670963615703005,-0.01006520968371584,0.6408220442827582,1.4763745862880109,16,12.0,0.8555842309134616
1,3,8,1,2,-0.360249336027135,60.1791027918345,19.23697300322884,18.49173904414049,-0.0011890810853239283,1.9652219876423618,3.6395330537676998,61,0.0,0.9752714434313962
1,3,8,1,3,-12.6869713055797,21.2331462353219,6.287795680847577,11.945388726409087,-0.006079809380432674,0.8857208668789778,1.89046016844335,34,-10.0,0.9669362431550547
1,3,8,2,1,-4.82200620478212,-1.03860901367072,-2.5056726128267193,0.9309752996316247,0.006374292013035443,0.1563312234555515,0.2583358043897901,4,12.0,0.8555842309134616
1,3,8,2,2,-1.92913715592457,59.2282870026935,17.904104110212057,19.572990443160247,-0.04836396083428545,1.870617857152759,3.8813416630767996,61,0.0,0.9752714434313962
1,3,8,2,3,-17.9554305905441,26.1335996666213,5.193758024891854,14.577557114565376,-0.012260940540885152,1.02450606430711,1.94742690870577,44,-10.0,0.9669362431550547
1,3,9,1,1,-5.60458676873286,11.4945058425683,6.9764115775481015,4.2869080219832405,0.008379547023053468,0.7172076668336799,1.801690715059097,17,12.0,0.730482981896689
1,3,9,1,2,0.743625738874483,61.3644885697812,19.64275153219805,18.879620361600395,0.0018900484621075832,2.0372448985847003,3.838765480786698,61,7.0,0.9725511227097433
1,3,9,1,3,-15.7459456630477,22.4595873151819,5.142890364746678,12.909627147063356,0.004480504836870301,0.9573165194632954,2.1795287256506297,38,-5.0,0.9596554808770359
1,3,9,2,1,-6.01533339197397,-1.26884054445753,-2.7399243930068833,1.1436253259798035,-0.00889480645844505,0.19405057427540812,0.36701691925357993,5,12.0,0.730482981896689
1,3,9,2,2,2.2286964751286,55.8111685952053,18.788728361922146,18.073401793994456,0.029344996153193553,1.675332291986422,3.4123106980127,54,7.0,0.9725511227097433
1,3,9,2,3,-17.1464063108151,25.9338843211968,5.582905326340879,14.360532610882638,0.009727683920306944,1.0031692884095194,1.8952418702258393,43,-5.0,0.9596554808770359
1,3,10,1,1,-3.58792249017532,16.221615402626,8.329716095819906,4.750000322447023,-0.002554872546686934,0.8110003909102653,1.92752392363945,20,15.0,0.4161746440998444
1,3,10,1,2,1.09952726711937,59.9327552839153,20.218467666500047,17.61137246007805,0.004570474975197626,1.9426065918763786,3.7794619252822983,59,-1.0,0.9573285489860106
1,3,10,1,3,-10.9062073057055,21.7308865061721,7.133843472968857,10.786689549124013,-0.010358219474459413,0.8298046438816921,1.7694378259094212,33,-13.0,0.9427004829226145
1,3,10,2,1,-5.89397891748962,-0.589538441069516,-2.6854485408485083,1.2169606735662304,0.005003078309944057,0.2293647855726733,0.6132560521486599,5,15.0,0.4161746440998444
1,3,10,2,2,1.94974652872358,61.6830201165698,20.731310245954127,20.563838638336478,-0.013051006309543667,1.8325650743439503,3.792079756787299,60,-1.0,0.9573285489860106
1,3,10,2,3,-17.1386054709975,28.9769977753737,5.561026576392743,15.246704090754289,-0.007621018189207945,1.068804758402778,1.9290134617449697,46,-13.0,0.9427004829226145
2,1,1,1,1,-8.65968433865877,13.934507548197,4.976777911030668,5.715023187115172,-0.017768534937580002,1.0304794423699914,2.129190397733337,23,-1.0,0.8774554183368465
2,1,1,1,2,5.22101698168358,69.8437997712886,24.389144312452583,21.569411801645877,-0.014844944891239997,1.9158597843375613,3.6470438420647966,65,3.0,0.9596499240902476
2,1,1,1,3,-10.3576911010579,25.6367397655723,7.573250941032952,12.657479569181218,-0.010138558407281192,0.8762681735307601,1.9084105636309596,36,1.0,0.9720733989919755
2,1,1,2,1,-10.7230894860361,13.7179586408619,4.335013174646901,6.146077771862848,0.012735927197613758,0.974950239380004,1.9356618711302396,24,-1.0,0.8774554183368465
2,1,1,2,2,9.94487585314772,71.8762447838891,26.47357062384257,20.611589087427618,0.01654653586701376,1.9669050447456116,3.9448257743916955,62,3.0,0.9596499240902476
2,1,1,2,3,-8.72154216074738,26.7710876913412,8.838361726167374,11.963476163695908,-0.012166280228859402,0.8772287468465291,1.943956290977678,35,1.0,0.9720733989919755
2,1,2,1,1,-9.81152759322016,14.3037679874308,5.107372331097604,6.101641037939635,0.001432929547597228,1.0021679229395681,1.88745879831237,24,-3.0,0.9198138744097648
2,1,2,1,2,5.2021255146569,70.5836096365342,24.79432233611785,21.759298144710474,0.004253836563325344,1.9279568425700373,3.7056551836221985,65,4.0,0.9830879512267702
2,1,2,1,3,-11.1834976488241,24.6896125212031,7.47403809653782,12.550747643342191,-0.006719113010583152,0.8695829895734339,1.90424603343198,36,3.0,0.9914733280349123
2,1,2,2,1,-13.6225715294474,13.3620286826645,3.632716739962097,6.629388789892047,-0.010788282385394357,1.091142508022744,2.222595885008701,27,-3.0,0.9198138744097648
2,1,2,2,2,9.14353348873934,70.4600298100802,26.060348122058606,19.954065725183206,-0.023105642613482764,1.9133335363994364,3.9449017195320977,61,4.0,0.9830879512267702
2,1,2,2,3,-7.83498087707386,25.1328600899788,8.461000319345832,11.414754981056054,0.009543279830537627,0.8141277643229847,1.92007434477434,33,3.0,0.9914733280349123
2,1,3,1,1,-10.3083988867094,14.0264094638008,4.636404799325785,6.23290475132406,0.00946846569103802,1.0177229311928218,2.0337576966331796,24,-4.0,0.901587626059008
2,1,3,1,2,5.34288092005389,69.1834229871338,24.751769793106526,21.092266227607492,-0.003172385322484554,1.8918223102636003,3.6070767743946988,64,2.0,0.9883407464120412
2,1,3,1,3,-9.42672663817827,24.34768390916,7.736810436456068,11.658844380035113,-0.010586726861601985,0.824161204522021,1.7214884126360304,34,-1.0,0.9939011646699358
2,1,3,2,1,-13.2044292441099,15.0314714414809,3.519872554539099,7.261911469547244,0.0026378345537610816,1.04819763615602,1.8321882357156696,28,-4.0,0.901587626059008
2,1,3,2,2,9.10889884097927,71.3072862697892,26.64945855051848,20.28278563768396,0.0037128703739610857,1.9418125174260754,3.8766231953515984,62,2.0,0.9883407464120412
2,1,3,2,3,-8.36524983468681,26.2760608775004,8.881160831102603,11.715363584227841,-0.004948970047967324,0.8512161827942416,1.90190829104991,35,-1.0,0.9939011646699358
2,1,4,1,1,-8.70952315105277,14.6992883888358,5.116538759010795,5.965975237346987,-0.016915476824898416,0.976416769674996,1.7303524706467681,23,-4.0,0.9029238331349612
2,1,4,1,2,5.22587900448341,69.5784626758653,24.83950506625101,21.26574165784576,0.006468335593587724,1.8979162038146924,3.719569174235801,64,2.0,0.9778041205225431
2,1,4,1,3,-10.7058619594802,25.1328104888057,7.503503649551955,12.136810794043457,0.010282507623823742,0.8464483592003567,1.97480173483779,36,1.0,0.9890772618264937
2,1,4,2,1,-13.3698914613343,13.3025596066884,3.8590067955109033,6.4191245280624605,-0.0009970849360785162,1.0058596166098517,1.9962255164498304,27,-4.0,0.9029238331349612
2,1,4,2,2,8.90859524805647,70.8433488085598,26.249881365106496,20.33568873759262,-0.005279988816182383,1.9531529023541958,3.924538361483499,62,2.0,0.9778041205225431
2,1,4,2,3,-10.007555871249,25.2505345983756,7.682001925031845,11.854194244044685,-0.00991679847665344,0.8679448921439836,2.08459290434934,35,1.0,0.9890772618264937
2,1,5,1,1,-9.66960738307156,14.1192957856638,4.377129447171219,6.094884632438467,-0.0068055453438081205,1.0229884660572117,1.8236504165242797,24,-3.0,0.91884982407563
2,1,5,1,2,4.99519238729894,68.3083722776715,24.42413552662463,21.163812555611077,-0.00730859020953446,1.8705961097463188,3.600521714524099,63,1.0,0.9682023179264023
2,1,5,1,3,-8.55342998098354,24.2065582083183,8.317743244002612,11.341075444522126,0.0004202947137247546,0.7887645969612694,1.8007181747374998,33,-2.0,0.9848194116635445
2,1,5,2,1,-12.5535520002103,14.3323259831213,3.794109434430465,6.8556481594163605,-0.013710167306026307,1.0504528361705006,2.0736055553628105,27,-3.0,0.91884982407563
2,1,5,2,2,8.60663349135506,70.5641982556947,26.344770690384458,20.136694290500525,-0.002020259608780289,1.9356907025156047,3.7530721878338937,62,1.0,0.9682023179264023
2,1,5,2,3,-9.09424348212034,26.2787284695606,8.058093122241868,11.935051947070713,0.01584184112952176,0.854003391790408,1.9764154400388998,35,-2.0,0.9848194116635445
2,1,6,1,1,-6.13542088691199,15.1630292853693,5.255464736062819,5.655626864098456,-0.005717255280657226,0.8799769346821318,1.3141854487739302,21,-1.0,0.9478780792768098
2,1,6,1,2,5.0215065002208,68.2735942200459,23.975128072854798,21.187950981485194,0.0007717347140180122,1.8687749454528433,3.568940855091796,63,1.0,0.9758555384486091
2,1,6,1,3,-9.2667059443315,23.9490861319947,7.5288530043793935,11.518312035554494,-0.016409404867457435,0.8230685035037316,1.90910907957602,33,-2.0,0.9824555170520195
2,1,6,2,1,-6.84762201932521,14.6802512835244,5.106586958391193,5.972551998185168,-0.002763202922340593,0.8610745789869618,1.4259401713244597,22,-1.0,0.9478780792768098
2,1,6,2,2,8.52517897131524,70.563825707894,26.503652331701954,20.27064699839482,0.008740822542222866,1.9450309831386874,3.8349305333637957,62,1.0,0.9758555384486091
2,1,6,2,3,-9.38404807619931,26.0457386234391,8.439776708564217,11.830443702420595,0.0008657135109990028,0.8573418315997563,1.972116139955093,35,-2.0,0.9824555170520195
2,1,7,1,1,-9.43339816996732,14.3648192703756,4.815064664971621,6.1149152257764845,0.009844139628036236,0.9726622174393693,2.12028386327523,24,-1.0,0.8725808711478973
2,1,7,1,2,4.88522785429614,69.3233817551922,24.403551767445606,21.392510219225706,0.001733291689461689,1.9069508826792168,3.567134318523202,64,2.0,0.9692359889848946
2,1,7,1,3,-9.64321779956769,25.5787044179377,7.735060105854492,11.807329187243418,0.006964455206632666,0.8373866656777151,1.8653782208541,35,1.0,0.981535553196524
2,1,7,2,1,-11.1219550045695,14.1097190680714,3.826676365909116,6.343326541625046,-0.014048008465573058,0.9674861070230286,1.7538537932320395,25,-1.0,0.8725808711478973
2,1,7,2,2,9.31096331944289,71.2005512150021,26.955144885290974,20.27197785275451,0.001043763702521099,1.9751536872462405,3.8394368344300034,62,2.0,0.9692359889848946
2,1,7,2,3,-7.64573205179154,26.5208591123875,9.064037693950317,11.826103734527184,0.0011733187233445512,0.8520185471947421,1.97635015649126,34,1.0,0.981535553196524
2,1,8,1,1,-6.59877779008773,15.5968176100919,5.359573282018237,6.069537249470438,-0.01698756361221921,0.9221455840313966,1.590231786955068,22,-4.0,0.9504581911662817
2,1,8,1,2,5.04726135214969,67.3828346207282,25.316844979361953,20.013709503240097,0.0020515297481159445,1.818976134785598,3.3453564368779,62,0.0,0.9910547909382937
2,1,8,1,3,-7.77491857756183,25.1486074474769,8.49570159773736,11.063920533575848,0.0026812604726811837,0.7777865147544981,1.6807389055303403,33,1.0,0.9950236641999408
2,1,8,2,1,-12.1695775879318,13.5301734511186,3.2042647158823385,6.6018038741713685,0.015535472170810447,0.9441383684634905,1.7210977501042404,26,-4.0,0.9504581911662817
2,1,8,2,2,9.24056108321779,71.521688904278,27.028479614665734,20.535134798638556,0.00026869873966456955,1.9271504090312381,3.8121082671571997,62,0.0,0.9910547909382937
2,1,8,2,3,-6.53763622520598,25.5371896269949,9.307823984063408,11.338385685649358,0.0010463521229158387,0.8065879987821911,1.9329040673558002,32,1.0,0.9950236641999408
2,1,9,1,1,-8.3930583620805,14.3577872672892,4.84591736612288,6.003165547418416,0.026978372662831197,0.9290052840900093,1.7956015602705402,23,-1.0,0.8751212223574518
2,1,9,1,2,5.05728152570732,67.9811594810611,24.138189769431662,20.94780342065827,0.003042324792947824,1.8376936849685614,3.494526274889502,63,2.0,0.9603358615730453
2,1,9,1,3,-10.114065063043,25.2109763375669,7.730421147451475,12.093377290628647,0.020772069499472284,0.8252731888120368,1.85437338808274,35,0.0,0.9693493060397428
2,1,9,2,1,-10.2871088076453,13.2243414710397,4.246651387502798,5.877649144860845,0.0026285604961694066,0.9281989721613854,1.8711686034913098,24,-1.0,0.8751212223574518
2,1,9,2,2,9.33250769891329,70.5480367026742,26.570873171569513,19.959686631740396,0.0005388696910748482,1.942041821880715,3.8723009321629007,61,2.0,0.9603358615730453
2,1,9,2,3,-8.8965976563572,26.3227522559279,9.038244526462268,11.955007882802185,-0.002599423679142573,0.8711842849448803,2.0225149069521597,35,0.0,0.9693493060397428
2,1,10,1,1,-7.68068652935524,15.4787238383591,5.440486008905209,5.840754510050778,-0.017139282098254754,0.9873629807421913,1.6674091257238002,23,-3.0,0.9519625116687412
2,1,10,1,2,5.43670640964662,68.4608451359061,24.34123168654122,20.337630494426715,0.0021886538334776233,1.891932564749033,3.596948302039202,63,0.0,0.9955574144267175
2,1,10,1,3,-8.20258188453273,24.800473359588,8.793048756317196,11.379561096523709,-0.018371688732290118,0.8250387085619076,1.97435463230324,33,0.0,0.9980009129080536
2,1,10,2,1,-11.3843567662247,14.8654280947254,4.017943084745291,6.697417311272264,0.0031353148902809897,0.9647385332184395,1.67814762949953,26,-3.0,0.9519625116687412
2,1,10,2,2,8.85594706616705,71.3662122806831,27.396402415500386,20.43718287315226,-0.004679530041536449,1.9111952359314666,3.732798963110298,63,0.0,0.9955574144267175
2,1,10,2,3,-7.14305303426009,25.4709138195805,9.201034930005402,11.066354690321145,-0.005256497963219827,0.8019225382679199,1.7402167398055,33,0.0,0.9980009129080536
2,2,1,1,1,-12.4225692711512,12.083559157544,4.379824823543333,5.990779299344084,0.04692857661747756,1.0523597313333217,2.4406264413422702,25,9.0,0.28891311026672356
2,2,1,1,2,5.77096255691464,71.1138434456004,23.0184864164089,21.781938611951972,-0.009227611114088522,2.121644101606523,3.9738961368725967,65,55.0,0.805939379213986
2,2,1,1,3,-10.4639524226857,27.7271796283178,9.652370027933253,12.333605473495865,0.010782597051884172,0.9353944440517403,2.178372415230589,38,4.0,0.9431480229967333
2,2,1,2,1,-4.4632384725746,11.9759641043624,4.409486588945091,4.955111506828569,-0.04043114512490773,0.5520872593175621,0.6596466854027501,16,9.0,0.28891311026672356
2,2,1,2,2,5.31762366217296,14.8404798894279,9.61151723227585,3.1898375748704217,-0.035736508320939706,0.3659584176296717,1.1802582875281704,10,55.0,0.805939379213986
2,2,1,2,3,-14.928203602781,18.6740713685624,0.08947199671253935,11.346535255198527,0.0038146885492079115,0.767607072350452,1.3826870004040501,34,4.0,0.9431480229967333
2,2,2,1,1,-16.6718383623738,14.3834557766623,5.36742895391304,7.140984701866856,-0.010468281817923463,1.2790624327237634,3.3870188633148004,31,12.0,0.1941007567026628
2,2,2,1,2,5.51733256258267,73.604706190173,24.517761948621484,22.068722362039484,-0.0025810419317707943,2.163875231673585,4.134123426407697,68,60.0,0.8088996658648473
2,2,2,1,3,-9.48189090436462,28.0856673251288,10.458502524779922,12.22137706054362,0.0001281706258059599,0.9332307623828286,2.19713489398125,38,6.0,0.9596426962011496
2,2,2,2,1,-6.04208363174431,12.6909443275461,4.442860185992479,5.138633458593074,0.03779395062225337,0.5279481487052646,1.0481557855993695,19,12.0,0.1941007567026628
2,2,2,2,2,5.427287753591,13.2350677201372,8.986139991596986,2.4999899922272517,0.0031282822595296105,0.34768796264646384,1.0476538049960897,8,60.0,0.8088996658648473
2,2,2,2,3,-14.159195897208,18.1788825825381,0.9993945691876512,10.976871734979698,-0.006556321084013867,0.7423550206447384,1.4148324525274503,32,6.0,0.9596426962011496
2,2,3,1,1,-10.4922025488485,12.8379692142199,5.04973989306002,5.688578957933601,0.007791489475358316,1.0022186294058164,2.1558030246694306,23,8.0,0.15460586674983234
2,2,3,1,2,4.7011478480854,70.7498841197368,24.488686006917423,20.94452926993544,-0.006509331746520493,2.1473867944100022,4.0365625474399,66,58.0,0.8382697215292974
2,2,3,1,3,-8.29700200312767,28.4813049152157,12.233399638481393,11.710446537669094,-0.0017044743805257527,0.9337343463896396,2.1813935082561002,37,2.0,0.9327779497974529
2,2,3,2,1,-4.37672201474271,10.7990273803587,4.594019930635483,4.377747843906745,-0.015316051363496742,0.5661338916575558,1.0020149404523306,15,8.0,0.15460586674983234
2,2,3,2,2,5.66869870540293,13.9825159865469,9.021695617443774,2.612361349444997,0.005604143340170593,0.35620540307208254,0.9651891539925206,8,58.0,0.8382697215292974
2,2,3,2,3,-15.1005968082904,19.8829432241847,0.32674139714010036,11.924478695395583,0.02217155297367029,0.8081830921421875,1.7066411983536098,35,2.0,0.9327779497974529
2,2,4,1,1,-14.0003781205655,12.2342105906984,4.871838837166174,6.269696507903868,-0.006813874492471182,1.0729798920882894,2.63578619646763,26,11.0,0.14041477956154128
2,2,4,1,2,4.60988041067249,70.5225662007077,22.066698740259405,21.52704066724491,0.03186035417952554,2.0788571828868774,4.074558384585593,66,56.0,0.7753631267125526
2,2,4,1,3,-11.2089987052303,26.5593663908782,9.449586101354202,11.974981123242596,-0.0005742579233524643,0.9368908074239217,2.1818194194176996,38,3.0,0.9520953966039031
2,2,4,2,1,-5.20653343210286,9.96267715234662,4.530299636710776,4.017339975357718,0.0454279925777899,0.504935219408263,0.9165112182238899,15,11.0,0.14041477956154128
2,2,4,2,2,5.69347384489427,16.1761101248814,9.846866068138194,3.3945303889653284,-0.007325817208549207,0.3892830697586228,0.9768904750926009,10,56.0,0.7753631267125526
2,2,4,2,3,-14.4637918576875,20.7641606537863,1.1592555104534419,11.808954505194503,-0.003346104210345564,0.8082583108904988,1.4999575757914694,35,3.0,0.9520953966039031
2,2,5,1,1,-8.61311997029168,14.3994545940422,5.2175463431591504,5.577308541779593,-0.021684290426881983,0.9709986408835618,1.9402738395119201,23,8.0,0.46022432270224123
2,2,5,1,2,7.72957043879552,70.6414654371008,24.884899075747192,20.72651658458609,0.013137824558245342,1.9871581768616673,3.983744782517803,63,51.0,0.7970984629882991
2,2,5,1,3,-9.3552310745693,25.639816942014,10.540401074081812,11.428900610212963,-0.011880062254582184,0.8852432095955076,2.065510607596389,35,3.0,0.9359504802433587
2,2,5,2,1,-3.10417483441944,12.2470806495219,4.918277513805794,3.987383199515536,0.015203124168327125,0.4903040244276046,0.6322512236709499,15,8.0,0.46022432270224123
2,2,5,2,2,6.28465473577474,18.4398422355172,9.702359306926597,3.6482478365469393,0.0018378967137365413,0.43002657949759615,1.2768480227209995,12,51.0,0.7970984629882991
2,2,5,2,3,-13.9306785033616,18.3789750618584,1.212734695614749,11.078737458317562,-0.013076368680348513,0.7517184719242626,1.3985403259185225,32,3.0,0.9359504802433587
2,2,6,1,1,-8.74039023447618,12.4202006821897,4.6570099691512015,5.160037918523926,0.006020591505618714,0.8265505019709644,1.8021788173684703,21,6.0,0.4749423873444782
2,2,6,1,2,8.55587386284883,68.7448014331894,25.53642097710602,20.146839967294824,-0.0011748128163960397,1.8598108178312784,3.422074726764599,60,47.0,0.8813700395199403
2,2,6,1,3,-4.5686954412166,26.0647076415472,11.28868024928104,10.224795817936446,0.001083595391148531,0.762179278060776,1.6891621564012302,31,-1.0,0.911394208056631
2,2,6,2,1,-3.27724847158314,11.8433916053135,5.242021816102919,3.993024430385979,-0.02576821893715911,0.5011550655942499,0.61838856013319,15,6.0,0.4749423873444782
2,2,6,2,2,6.34053359872103,19.5154400374733,10.372063629229828,3.9117372978638922,0.0007915360901643565,0.47218342708383443,1.4527447449987,13,47.0,0.8813700395199403
2,2,6,2,3,-14.2896953328826,17.4133806773666,0.34813052446375825,10.50628658328538,-0.010579693198410903,0.7165891363808043,1.3344656686004202,32,-1.0,0.911394208056631
2,2,7,1,1,-10.9762613928929,11.8466287668574,5.051549631343047,5.696981707007725,0.01607835930200198,0.9604667593451689,2.3612432389478,23,8.0,0.3979071987464921
2,2,7,1,2,6.34050549434491,70.1109812964731,24.74668973146223,20.602946362773007,-0.023285000680248514,2.0556383609073228,3.9164929801309967,64,52.0,0.7907007887091118
2,2,7,1,3,-10.6505517689097,27.2541969061028,9.339003761781715,12.173413595337436,0.005185520872158399,0.9167444219764086,2.08577664412298,38,6.0,0.9426299315493445
2,2,7,2,1,-2.16977653920902,12.5456202626561,5.14935773518838,3.972951226459218,-0.010579726521502316,0.4804153794234122,0.5136023922049899,15,8.0,0.3979071987464921
2,2,7,2,2,5.75227671453728,17.5242788725036,10.022630420012346,3.8218159254843647,0.0018320339950194076,0.41996888851541964,1.3159894265445011,12,52.0,0.7907007887091118
2,2,7,2,3,-14.1593863407264,17.7687794902349,-0.23503613439617646,10.387628834025165,0.0045328312739901224,0.7098125555455445,1.25465630091273,32,6.0,0.9426299315493445
2,2,8,1,1,-15.3523647435118,11.595624258503,4.071433040804337,6.353463703538655,-0.03240984206623267,1.1358090328346275,2.7817835562371194,27,13.0,0.1547600767824314
2,2,8,1,2,5.54378239955297,71.750170210726,23.687301008791295,22.154762835922096,0.0005238798981353525,2.1228788026815617,4.215044809055804,66,54.0,0.7438555167621034
2,2,8,1,3,-10.3347102587145,27.0227159049002,9.602139145684127,11.599110514153235,0.005203714926897006,0.904044617898942,2.1007229047306204,37,4.0,0.9496120958675727
2,2,8,2,1,-3.48783209396116,10.1212026477847,4.751442862033553,3.516426857306995,0.024241269364478714,0.424124456246113,0.769483643133224,14,13.0,0.1547600767824314
2,2,8,2,2,6.2326325909386,17.7802636724349,10.638754238987943,3.7678746699982106,-0.0051709849529265415,0.4211643893489007,1.0869778742970002,12,54.0,0.7438555167621034
2,2,8,2,3,-13.8399699886087,19.3000279133575,0.6555442164138213,11.100993013943533,0.014822227590779205,0.7397080089440842,1.3822797493919803,33,4.0,0.9496120958675727
2,2,9,1,1,-11.4381483946204,12.348246094488,3.7748739101361655,5.970877547067087,0.013683504356095742,1.008587022500676,2.2026691851856093,24,8.0,0.39081914102958093
2,2,9,1,2,5.31025578289997,69.8590283967834,22.455635992385833,21.743440202690067,-0.006870293471104548,2.0878154503919317,4.139688488554597,65,54.0,0.7807950758873005
2,2,9,1,3,-11.6716403712343,27.3064807178751,9.289493629422921,12.628132299730042,0.010207748406559405,0.9487585971668007,2.2131904663845217,39,5.0,0.9412238801298372
2,2,9,2,1,-4.48739916103507,11.5470371601809,4.188405714610459,4.413438526949476,-0.03947050403366386,0.6255263128181698,1.0333233325009499,16,8.0,0.39081914102958093
2,2,9,2,2,6.28240577458031,17.7226452314249,10.367846893512773,3.473830491901921,0.007387320252616832,0.44392710685883574,1.2008942274639995,11,54.0,0.7807950758873005
2,2,9,2,3,-15.8685265157478,18.1888901065334,-0.43308140314502036,11.407776508464927,0.004234105481930722,0.7677994638908356,1.460708056462652,34,5.0,0.9412238801298372
2,2,10,1,1,-12.6603361403201,13.0689142093573,3.911692877946642,6.22668225889002,-0.0067726057037438584,1.0943135145711014,2.4842792227023995,26,8.0,0.2883172451143474
2,2,10,1,2,5.1777840484107,71.6055962230357,23.33308654887973,21.953870822763356,0.007595740355468015,2.1361183822845726,4.344611097543996,66,55.0,0.7931572373263445
2,2,10,1,3,-12.1013371815841,28.100605350343,9.765521569856123,13.20363452015838,0.0010523373799673035,1.000905957685679,2.4135853079022898,40,7.0,0.9464370454045766
2,2,10,2,1,-6.11725148064194,11.6274920519326,4.2298607354938005,4.59090800100729,0.015029887364234468,0.594574843035004,1.0368439578265702,18,8.0,0.2883172451143474
2,2,10,2,2,5.91294535523642,16.5791831293041,9.56781320368796,3.3657101982849547,-0.004893580031670994,0.43759053470428694,1.2246910530231006,11,55.0,0.7931572373263445
2,2,10,2,3,-15.220725150515,17.5426391058683,-0.05297181654314704,10.996323465129901,-0.013125800718460413,0.7641141658731768,1.451047926235167,33,7.0,0.9464370454045766
2,3,1,1,1,-17.5216993046766,9.79284269646729,3.296062251334246,6.85637012000626,0.01910995834461198,1.0512334636147855,2.8097028639228103,27,18.0,0.8879064930180296
2,3,1,1,2,5.31868054645765,64.2135461409743,20.803951246551264,19.810215943653898,0.015549990090077225,1.7947501029474788,3.4746420043463004,59,10.0,0.9940035316197994
2,3,1,1,3,-14.0752286499903,22.0746458383757,3.5109747527905784,12.17843953669998,0.00408496415397128,0.8515870374098742,1.81350697427087,36,1.0,0.9909927831690507
2,3,1,2,1,-10.4560332692823,-1.13572687901332,-3.8472741829792043,2.344961453103533,-0.004335372341063071,0.3511141460074755,0.6569776681705086,9,18.0,0.8879064930180296
2,3,1,2,2,10.715839537527,60.164109003571,25.024885266643434,17.03142967432628,0.012026401838447515,1.517223474913843,3.0960523290668007,49,10.0,0.9940035316197994
2,3,1,2,3,-8.99356464500837,26.1552947653809,6.496184363101711,12.145551282921865,0.004003970122927703,0.8165006302108443,1.402313541427169,35,1.0,0.9909927831690507
2,3,2,1,1,-19.7665850968997,10.119024968747,3.9351929402333115,7.69114300680837,0.0009125965698121791,1.2373701725419235,3.2110131486177504,30,22.0,0.8333450580196037
2,3,2,1,2,6.55893215218817,66.4786412640731,22.67415135847855,19.885775130155274,-0.010682755984969008,1.9282799379264406,3.679781582510401,60,9.0,0.9858248441430767
2,3,2,1,3,-12.8567120198715,23.2791839162582,5.389974286304526,11.819043361680134,0.004060918870578234,0.8577840193007163,1.8850762944102493,36,-3.0,0.9638508160755702
2,3,2,2,1,-9.83541568511127,-1.44133154722603,-4.1275332405812755,2.040914579935351,0.0011429023014627746,0.3202161083506453,0.6051988942672502,8,22.0,0.8333450580196037
2,3,2,2,2,8.36417446981652,59.0109732952051,23.5152627338533,17.16008673089863,-0.018432484980837625,1.5256242777028322,2.901433786859698,51,9.0,0.9858248441430767
2,3,2,2,3,-10.0252427821504,29.3521662174946,7.153182334423384,13.529312101734869,0.029347352121082186,0.8921724660563551,1.74052904990456,39,-3.0,0.9638508160755702
2,3,3,1,1,-18.0759755186142,11.4281887615124,4.815460166616447,7.056979429633944,-0.015003948618063756,1.1925046366878826,3.336689903699849,30,24.0,0.6396261973054758
2,3,3,1,2,6.26498113312144,63.851033780001,21.53596105263196,18.703043172498866,0.005431675094938021,1.8356670589158346,3.464866630447794,58,7.0,0.9572806901162014
2,3,3,1,3,-12.3015786493536,19.918499228949,4.593489943381118,10.943951237422304,-0.013737995581564353,0.7889128279804191,1.7031475750348901,32,-5.0,0.9272791625513223
2,3,3,2,1,-7.02987288847158,-0.771572528885015,-3.414723481251298,1.8447466916866617,0.004393455825508117,0.25080765795177595,0.44353307291943,6,24.0,0.6396261973054758
2,3,3,2,2,5.8803550278905,57.0770995465446,22.3652132342171,17.358236198584017,-0.037236095428909814,1.5420184521757354,2.8666487168814996,51,7.0,0.9572806901162014
2,3,3,2,3,-9.92153659547406,27.1185469528827,7.925824941171345,13.078438422336404,-0.025336451474922778,0.8721652591778246,1.4664435632051598,37,-5.0,0.9272791625513223
2,3,4,1,1,-15.3310388301463,13.7585974377342,5.04210007646323,6.8410138624317005,-0.0021775064344635654,1.0587739853202605,2.47636648233211,29,21.0,0.8693747733038131
2,3,4,1,2,6.85650573985758,64.4410766182673,22.578398346377877,19.13009077769469,0.002520841895146735,1.7760865226988802,3.2001009054805962,58,9.0,0.986779213610283
2,3,4,1,3,-14.1375027180334,18.6201989183038,3.3781988488892165,11.1379846322532,-0.01568654200093368,0.799861651427803,1.793865653140263,33,-3.0,0.9558690420609253
2,3,4,2,1,-8.47895228147704,-0.687822724503277,-3.499012203817128,2.08651864112377,0.001523188683907126,0.293537636662589,0.40653338989352017,8,21.0,0.8693747733038131
2,3,4,2,2,8.39272589804263,57.8465095998725,23.186815005545313,16.81241277586621,0.014610670650235153,1.5162432346815273,3.0734433487146013,49,9.0,0.986779213610283
2,3,4,2,3,-9.64500781216698,25.9958363879992,7.7167178456673575,12.589406075189007,-0.009692062161597058,0.8393329028563888,1.5019166860091993,36,-3.0,0.9558690420609253
2,3,5,1,1,-16.6013702925562,14.4944021675799,5.016257832403412,7.354566383893018,-0.0010786430622788154,1.1623834523191654,2.8319256734051708,31,22.0,0.9198672731347936
2,3,5,1,2,6.60655341949729,64.127841533331,23.466715439259936,18.408743718232767,-0.004561401272572274,1.7700489112597058,3.3666488218322996,58,7.0,0.9922970467664642
2,3,5,1,3,-14.7764352596091,21.5323272474433,3.326254277022468,12.426055413991172,0.023247067361401995,0.8654678693319191,1.9661492037587138,36,0.0,0.9923956093454415
2,3,5,2,1,-10.7531963450098,-2.00786732446778,-4.337012503732657,2.4252176848324916,-0.0032875625407712875,0.3504144738955157,0.76174067456071,9,22.0,0.9198672731347936
2,3,5,2,2,9.8882021776746,61.2549278798699,27.52819779166696,16.060852301375384,0.059596784130178215,1.4726875455930535,3.123049687512399,51,7.0,0.9922970467664642
2,3,5,2,3,-9.23545556472145,26.8676699110992,7.563443802009059,12.54018718823437,0.03038790769333861,0.8407339445162982,1.58891571562618,36,0.0,0.9923956093454415
2,3,6,1,1,-13.7112507817041,15.0190861892925,5.035061087863605,6.841497334803851,0.013155691930712381,1.0576145090806386,2.31778414525534,29,21.0,0.8733926074709459
2,3,6,1,2,6.18463586612277,63.8361326166606,21.868049425952673,19.11456256174938,-0.0020536057079107886,1.7906882793867442,3.288199690253599,58,10.0,0.976836563521914
2,3,6,1,3,-11.4164379324126,21.7235345143901,5.008375390251191,11.231055306004684,0.00953023069271484,0.7890743073406725,1.699865743069672,33,-1.0,0.9906593533236263
2,3,6,2,1,-9.7125720742653,-1.88063392460424,-4.060660445212161,2.0994038543659994,-0.001114691246631288,0.31322458629567496,0.4712677849403599,8,21.0,0.8733926074709459
2,3,6,2,2,12.8180994211392,61.0179629048941,26.82328487771899,15.763244506346824,-0.00757317273521781,1.5644848860667793,3.2670359103772952,48,10.0,0.976836563521914
2,3,6,2,3,-7.73819307339896,26.5472087489414,9.851870008941944,12.280215500099114,0.009413265382102987,0.8340901765125691,1.6254161959494708,34,-1.0,0.9906593533236263
2,3,7,1,1,-15.5920907833218,13.4002816370446,5.192021672927037,6.921627771496238,-0.02866799671080623,1.1464035757964055,2.5958871194324304,29,23.0,0.8327048286239809
2,3,7,1,2,5.53726695942739,62.24535164894,21.827960935350184,18.849058722042976,-0.0066801769299752465,1.7307306136066678,3.099748316311697,57,8.0,0.974562063879548
2,3,7,1,3,-10.5589118086065,22.1907234012155,5.3811478562101325,11.387153983422238,0.008998177643353446,0.7738159994053662,1.5829362563964888,33,-5.0,0.9959011668973199
2,3,7,2,1,-8.40237769339344,-2.41164536726711,-4.222424837058764,1.4664352663947808,-0.0010063724557607928,0.2418894094810519,0.44846495994042,6,23.0,0.8327048286239809
2,3,7,2,2,11.5047119464483,60.7678592071364,27.495434714797877,16.028003260833838,0.053354797899944566,1.4784727602387062,3.4943540318838977,49,8.0,0.974562063879548
2,3,7,2,3,-10.3611916703685,28.1035365741834,9.06252451653299,13.806592599024874,0.01335926907731784,0.9119864249783721,1.709365240765948,38,-5.0,0.9959011668973199
2,3,8,1,1,-20.0762270459439,9.8884502195998,3.355058602011636,7.735096488261226,0.0003160491191733717,1.1351196928310616,2.9932128138786993,30,21.0,0.928649046731877
2,3,8,1,2,5.43920462165533,65.8651859973223,24.224009744991687,19.037639003668797,0.015773774119570396,1.8681234667165916,3.439113929608901,60,6.0,0.9763966926048023
2,3,8,1,3,-13.3684575657657,21.4197916450835,4.584254149263782,12.364193812043666,-0.023444411124929707,0.8624102843766309,1.7713176233261703,35,0.0,0.994544779591002
2,3,8,2,1,-10.1660760808496,-1.51134683838301,-4.2553788802963055,2.291023999387518,-0.0011982288664252453,0.3172247273129547,0.4583032637755897,9,21.0,0.928649046731877
2,3,8,2,2,9.26569771860754,63.3408140651126,27.571365786882478,17.4509248673126,-0.06413447349925445,1.6413464380787324,3.489213457503901,54,6.0,0.9763966926048023
2,3,8,2,3,-8.89357216914501,25.9404308353782,9.205075901214542,12.74542160888457,-0.040799422273765366,0.8520293105318693,1.5397462641911401,35,0.0,0.994544779591002
2,3,9,1,1,-14.6385678080811,11.4777199753895,4.5060572980357705,6.421586249579288,-0.001299232463603461,1.0021488015061304,2.39678633449172,26,17.0,0.9101848849355727
2,3,9,1,2,5.77849954748215,64.9379484349512,21.788792413735763,19.49769439968274,-0.011105970675871385,1.8627063723539632,3.3927166752825997,59,9.0,0.9738689664340094
2,3,9,1,3,-12.7735781044587,24.321094914315,4.297400002474533,12.314920866755232,0.01857596454637228,0.8804716324764207,1.836988704084,37,0.0,0.9834168798777814
2,3,9,2,1,-10.6602225144356,-1.75466601624832,-4.214265345373984,2.3956762339218933,0.0011596880987135706,0.35471715192956754,0.6863432141681107,9,17.0,0.9101848849355727
2,3,9,2,2,8.44637059483802,58.5247324534542,23.59259315601144,16.56319874199302,0.016299313127668316,1.5120383668016013,3.519393427822802,50,9.0,0.9738689664340094
2,3,9,2,3,-11.0836671351994,25.5487430850263,6.981089869958744,13.033777890563078,0.01626216882951484,0.8585460908354776,1.7194113176249297,37,0.0,0.9834168798777814
2,3,10,1,1,-19.3888217086109,11.5360613566627,3.7936503291199557,7.485761454210125,0.005316845619691677,1.195434774120836,3.25269615343538,31,26.0,0.789102981843352
2,3,10,1,2,5.58342285617852,65.4285627384809,23.143413404826266,19.089178585936686,0.016044814755737227,1.8302615092401093,3.4443647786225,60,7.0,0.9687149906335365
2,3,10,1,3,-12.491329202866,21.8677269354842,5.653259005430196,11.589957984196941,-0.012796557097215831,0.8392849151454865,1.8416719590606219,34,-5.0,0.9808579691691135
2,3,10,2,1,-5.90749459134969,-1.22468380481824,-3.5549557612215175,1.4003870153614675,-0.0010668608082887116,0.1844656528564494,0.3117437342714,5,26.0,0.789102981843352
2,3,10,2,2,5.8399997244825,58.5747464029456,23.18265076586946,17.480184174070185,-0.004522704572185141,1.5880997487741244,3.5884468391098956,53,7.0,0.9687149906335365
2,3,10,2,3,-11.1093642286727,27.8764242951876,8.205842579442642,13.424516614945528,0.0021617250777643602,0.9111413828788205,1.620775471078187,39,-5.0,0.9808579691691135
3,1,1,1,1,-21.4392689255524,13.6097892969387,4.171897467882047,8.927673721806926,-0.00759451228210633,1.2906804760056296,2.657471601756299,35,6.0,0.9859863103852851
3,1,1,1,2,-4.00836374200406,65.9658864404538,21.823146626803275,21.160831672611767,-0.02783505091728614,2.088022841774699,3.595548293708198,70,3.0,0.9965001760431684
3,1,1,1,3,-15.0155018757121,27.058283908301,6.984304633297837,13.747953103008207,0.008055975415594043,0.9938806755050996,2.0401956639035497,42,3.0,0.9949226646811355
3,1,1,2,1,-18.005902169422,10.6711551723127,3.0228156168439257,7.294737613583544,-0.0030533936191526746,1.1314931550919,2.337357187635,29,6.0,0.9859863103852851
3,1,1,2,2,-1.86807496272272,64.7291971255284,22.248304952182888,20.63349879737822,-0.014652090482580354,1.9421344351039507,3.4500862725572006,67,3.0,0.9965001760431684
3,1,1,2,3,-11.7919390789062,27.0678968684919,7.866673198534251,12.992997385462203,0.006798598289642568,0.9082293815878073,1.87513785035866,39,3.0,0.9949226646811355
3,1,2,1,1,-27.0046344609315,11.6600870565475,3.2740413087803484,9.808288707649831,0.025064108492026036,1.4589514274192117,3.5923748301351015,39,13.0,0.9565506018862125
3,1,2,1,2,-3.94612097404432,63.7069607285676,20.24014006236408,20.553017466526644,0.01637216330875535,2.0089468753658886,3.374668919636001,68,2.0,0.9879086924365601
3,1,2,1,3,-16.3334585879,26.0274111046847,5.924125102794879,14.050086873216493,-0.005728978581202961,1.0041070099135103,1.96293533325029,42,1.0,0.9898187587813249
3,1,2,2,1,-17.0317071937008,8.84534989856939,2.9061733411806006,6.646908065765593,0.02572141946455516,1.068538970248498,2.3709959958840194,26,13.0,0.9565506018862125
3,1,2,2,2,-3.05665842187797,62.6059286872511,19.933533875976458,20.28502317672314,-0.010888506973292083,1.9842175029141498,3.796314331748299,66,2.0,0.9879086924365601
3,1,2,2,3,-14.0982045590353,26.4293649164714,7.3361019312665094,13.511142229719567,0.003275875654975232,0.9524954343288387,1.978576006043452,41,1.0,0.9898187587813249
3,1,3,1,1,-23.2462720843472,15.2187477185453,4.347484749960857,9.658412403800474,-0.02408284045738535,1.4069769644732497,2.829703636484002,38,11.0,0.9077780404215412
3,1,3,1,2,-3.12413421454927,66.5474609824721,22.642778595287584,21.039985199528807,-0.006816137900289908,2.0774809067271507,3.6978998253076014,70,2.0,0.9944510157999331
3,1,3,1,3,-14.7062319234229,26.3513492482957,7.10889256089979,13.427530130786566,0.007685772127880189,0.97302232289758,2.0385536903788357,41,1.0,0.9903110292246617
3,1,3,2,1,-17.3360156236177,9.25784320208007,3.4308071071709976,6.578352173619729,-0.015778987879663958,1.1368429750100226,2.551909385076259,27,11.0,0.9077780404215412
3,1,3,2,2,-2.97225245984497,64.8974590519737,21.39847138305507,21.119453811068322,0.021737844796927332,1.961784611774328,3.6417800615715024,68,2.0,0.9944510157999331
3,1,3,2,3,-13.1234084394697,27.164926807612,8.129157200963203,13.432369758884418,0.0016848358493623808,0.9406417215645537,1.894936714616551,40,1.0,0.9903110292246617
3,1,4,1,1,-24.022037203137,14.7825696961206,4.489509886631904,9.429136927886185,0.0019976780828239523,1.4831899400674813,3.3274901890723,39,11.0,0.9690837616895395
3,1,4,1,2,-3.64580843006232,65.0265188484388,21.327116534683533,20.90655414380009,-0.004390318821935245,2.051752532793135,3.402693252916997,69,1.0,0.9982754161985481
3,1,4,1,3,-15.5734392839153,24.8708041628311,6.448361625938364,13.582438539894069,-0.01157312840824653,0.9699376778959126,1.885590300020928,40,0.0,0.9953139261515754
3,1,4,2,1,-16.3120582499546,11.7544137231581,3.8754457797768325,6.993665724032625,0.0020576686032494117,1.1249253696746482,2.3604209679025194,28,11.0,0.9690837616895395
3,1,4,2,2,-3.87320870621172,64.0167297782385,21.78389630490744,20.263172063816707,-0.02996162362813336,2.0051635792212914,3.597622575784598,68,1.0,0.9982754161985481
3,1,4,2,3,-13.9507981850194,25.5858507283169,7.482908618133973,13.142836388318226,-0.008923647264637609,0.9340672624644912,1.8362733316753468,40,0.0,0.9953139261515754
3,1,5,1,1,-22.6628363254831,14.08517519125,3.9043336444197005,9.230463601532582,-0.010210140949681881,1.372434356966762,2.908399853775599,37,10.0,0.9631228088060728
3,1,5,1,2,-3.69730507579339,68.4127963833099,23.3772620555316,21.966559262364736,0.00829102924834891,2.1135811839211485,3.7306308584776957,72,6.0,0.9976942519327288
3,1,5,1,3,-12.7533968783773,28.2262726000427,8.204960009558121,13.204979419145962,0.010742312207415844,0.9697460860814937,1.972916500176171,41,2.0,0.9965550305124978
3,1,5,2,1,-16.6000635423323,10.0847863830288,3.9354083896600134,6.66469674396538,0.006406911936153663,1.1345475679628334,2.6054028188796394,27,10.0,0.9631228088060728
3,1,5,2,2,-3.80103991127499,61.7886907950227,20.671278523865446,19.524019240664295,0.01917498848064178,1.9264930722044207,3.505500600321298,66,6.0,0.9976942519327288
3,1,5,2,3,-12.6213657667332,26.4478878452835,7.897786640004634,13.11944755286764,0.02020291935884057,0.9072073784180203,1.8276102978601219,39,2.0,0.9965550305124978
3,1,6,1,1,-22.4197386165124,13.3951785956764,3.8934959800743814,8.92314501782213,0.011203919803025247,1.3551082760154105,3.0181235696698003,36,8.0,0.9859813391099723
3,1,6,1,2,-3.06653996801174,65.7567152091917,23.139637065462384,20.39989812205561,-0.0008837856178936504,2.0265674787001178,3.3932140067404006,69,1.0,0.9934913624173827
3,1,6,1,3,-13.6673596824544,25.4735745669315,7.3295437794309715,12.917173175633582,-0.0034197296807881145,0.9391229408992087,1.9078606582148563,39,-2.0,0.9974677917002005
3,1,6,2,1,-16.359024280829,11.7694062295427,4.568137219392788,7.137902880751532,-0.005715340526964151,1.1257270469593272,2.2990065577634997,28,8.0,0.9859813391099723
3,1,6,2,2,-3.03235155576085,64.8753045027191,21.150250883428367,20.95977560574868,-0.012225629189657921,2.0698393478840957,3.5786364401596984,68,1.0,0.9934913624173827
3,1,6,2,3,-15.4754161486293,25.5492096617638,6.910350898315792,14.027049005571811,-0.02670971336517229,0.9892104617128264,1.94421842603466,41,-2.0,0.9974677917002005
3,1,7,1,1,-25.2514277499391,13.2593391994994,3.9027058840183475,9.690153703132001,0.002837752355346727,1.452242769540225,3.4730410154983993,39,11.0,0.9609630101158639
3,1,7,1,2,-3.12841763240145,64.6722870180502,22.549679842565162,20.172418132534826,0.017774281771008812,1.9775231629010068,3.477388019602003,68,2.0,0.9952967880665122
3,1,7,1,3,-14.2968044246355,26.6424505836423,7.388679236921212,13.420795906376044,0.015814582510729685,0.9569775433631105,1.9453458361124198,41,2.0,0.9963954661991019
3,1,7,2,1,-17.8473834548765,9.84640693974874,3.7541989906182613,6.99599941267235,0.009700772125791887,1.165492983824207,2.67701092586163,28,11.0,0.9609630101158639
3,1,7,2,2,-3.0375376828251,62.8972634640676,20.841208590166225,19.86946614381331,0.02039763104724853,1.9510775048496511,3.504514441806201,66,2.0,0.9952967880665122
3,1,7,2,3,-13.8544231708192,24.7509063955239,7.164790518149388,13.049744227181282,0.012422264118164359,0.911266110300208,1.911438092099526,39,2.0,0.9963954661991019
3,1,8,1,1,-24.2102960734209,13.7164811660644,4.056349282314554,9.450408209784968,-0.005163255797560196,1.4367367139945306,3.2672969197447994,38,14.0,0.9597862997969027
3,1,8,1,2,-3.92397578135641,65.0852069962949,21.878315174567987,20.628685682535618,-0.02461276973902683,2.0630691148631612,3.2283595187428027,69,3.0,0.9925489921914754
3,1,8,1,3,-14.4047740670157,25.6242184991863,7.013673832999445,13.277516105764695,-0.009815991365254424,0.9541870841648019,1.8839734254642098,40,1.0,0.9842991603902881
3,1,8,2,1,-14.3969305814511,10.062302738592,3.472911836783407,6.19076639030077,-0.035277884994287245,1.0199367641922563,2.0605228108176004,24,14.0,0.9597862997969027
3,1,8,2,2,-1.50048540170529,64.3080194984781,21.934413977715618,20.39103568996625,-0.0056685921594901495,1.954193055003975,3.686549413381897,66,3.0,0.9925489921914754
3,1,8,2,3,-12.6497464393648,26.6253196782194,8.183279555102649,13.08841150036509,0.005768174502558429,0.9170179196305195,1.8769336044729699,39,1.0,0.9842991603902881
3,1,9,1,1,-22.6947383376596,13.0121432598481,4.456515319430454,9.009751219205974,0.009983322826128817,1.3751062940331717,3.106708430633999,36,9.0,0.9707451420102772
3,1,9,1,2,-3.97372312071928,63.7035136857514,21.491949838676497,20.116084109735386,-0.00047342904697505523,2.0292916197136095,3.355192342886401,68,1.0,0.995022542783103
3,1,9,1,3,-14.8614758998062,25.8722269557514,7.307598290970428,13.63914176066985,0.011031301441765354,0.9714690394694124,1.99286363499396,41,3.0,0.9794170525924815
3,1,9,2,1,-16.5143372167753,10.4100485621385,3.3023786588433732,6.738778378803056,0.011325868694413559,1.103340095054995,2.3466696588349496,27,9.0,0.9707451420102772
3,1,9,2,2,-2.63718032340185,64.694625089817,21.09899478844561,20.819365596839766,-0.010279103871669897,1.9989718022940604,3.6090020760913006,67,1.0,0.995022542783103
3,1,9,2,3,-11.335063384842,26.7554018416961,8.250073964723029,12.910699314195572,-0.013679068884208933,0.9157810461369641,1.8674590459082,38,3.0,0.9794170525924815
3,1,10,1,1,-25.2093290544599,13.242732225973,4.489101595375209,9.732392401883796,0.004858519721709318,1.4561673581218901,3.432529103545601,38,12.0,0.9621955464397263
3,1,10,1,2,-3.9808016142972,65.4977371371564,23.497394008227044,20.117016639895205,0.00822829176657267,2.039435367814391,3.3018527853364006,69,4.0,0.9917833949701538
3,1,10,1,3,-13.2119961991491,25.7284118364586,7.875382300804261,13.080338307119217,-0.017469071320396053,0.9499751498497092,1.90889163716784,39,1.0,0.9955954426474457
3,1,10,2,1,-17.0886530667227,8.91057425189904,3.2733938919867547,6.8065040190791235,0.019981893327355046,1.0822304192619259,2.4759361544632803,26,12.0,0.9621955464397263
3,1,10,2,2,-2.99675921297156,61.9323515690623,21.055600398374313,19.81920021895919,-0.003634135579410496,1.962811500262615,3.380709959078999,65,4.0,0.9917833949701538
3,1,10,2,3,-13.4866014439245,24.532229193879,6.71813058607442,12.700416620306992,0.005066018054467351,0.8833734263773436,1.7140696566736704,38,1.0,0.9955954426474457
3,2,1,1,1,-19.8547898953259,15.7478940517019,6.573203559380666,8.880605765493547,0.008601709046921565,1.3635000170264182,3.0550672510764,36,17.0,0.4344181179134347
3,2,1,1,2,-4.33813737902744,65.2865435022923,22.067694159824907,19.739713563470655,0.03970651936889849,2.0872655030589153,3.616090438838903,70,42.0,0.7060762214470007
3,2,1,1,3,-14.7273285759015,29.7665686268308,10.43719607705304,14.465164594508114,0.013050761895594051,1.099039429855824,2.3758785606765103,44,11.0,0.9330496956803445
3,2,1,2,1,-7.32737145601349,12.0097201381995,6.628695374434436,4.868120066092877,-0.02435929714644306,0.8645502999229844,1.7483854266467103,19,17.0,0.4344181179134347
3,2,1,2,2,2.1346921551565,30.358549697724,15.421660755010436,6.816960865263013,-0.00402703185741762,0.819598050366488,1.762757363060203,28,42.0,0.7060762214470007
3,2,1,2,3,-10.3057447451019,22.7705221423672,6.27248278343046,10.977336196869206,-0.014045513172676207,0.7439699008187497,1.5303002449326009,33,11.0,0.9330496956803445
3,2,2,1,1,-20.9877927343119,14.7658371250246,5.766458891562003,8.915787596619072,-0.01276602041948624,1.351796686298517,2.9705419968989,36,18.0,0.45585238909713843
3,2,2,1,2,-0.594298458195968,67.1043160514911,23.083884673739565,20.653347825385342,-0.0025105480191985412,2.1281586580554723,3.647474075301698,68,39.0,0.6182814354373405
3,2,2,1,3,-17.0824545010271,29.416502406303,9.568064061665757,15.125496959584673,-0.003955214214977247,1.1210796698856271,2.2820300856894704,46,13.0,0.959480118444361
3,2,2,2,1,-8.2660996281916,10.0906926585229,5.4376636419126445,4.9630558019021835,0.002763887550324341,0.8623898117258972,1.6695685346612799,18,18.0,0.45585238909713843
3,2,2,2,2,2.54764653514608,31.1095439075759,15.06942914000834,7.1087614943992286,0.013665131595931879,0.7912580784600745,1.6824371685144008,29,39.0,0.6182814354373405
3,2,2,2,3,-9.02197381659292,23.9371735157629,7.387223474988864,11.101720767566063,0.01530004275038716,0.7369101535269387,1.4296212540123996,33,13.0,0.959480118444361
3,2,3,1,1,-17.233151070779,15.3386089594127,6.635731432335607,8.07600497914366,0.004828357095830986,1.2505867077894566,2.683367315920501,33,19.0,0.1344517989660007
3,2,3,1,2,-0.682100556129877,67.0272205811747,21.77683806990261,20.68221390360521,0.008232729250997895,2.1464949717618302,3.676183358785199,68,43.0,0.5617773161357021
3,2,3,1,3,-16.1219199596411,30.645640135503,9.792628539643704,15.332607683808932,0.022611154615056427,1.132871899092683,2.499161250147931,47,12.0,0.9663577479259946
3,2,3,2,1,-2.58798814523348,11.3776747712227,6.953737916651024,3.914489946933603,-0.00016195251046981479,0.736131382588307,1.3638722571737998,14,19.0,0.1344517989660007
3,2,3,2,2,4.06666162838817,28.9605526877296,15.35274178180768,6.2430609844424945,0.002842619443726733,0.7365425335622272,1.710767118958799,25,43.0,0.5617773161357021
3,2,3,2,3,-9.93364635163336,25.0161986524985,7.434801926911935,11.628082983270572,0.016334201703964355,0.7649535279437684,1.3734538273432992,35,12.0,0.9663577479259946
3,2,4,1,1,-19.133509286134,12.7385783376889,4.924777440422446,8.247728606524932,-0.004856733856877031,1.2373323917644345,2.4289009491465006,32,17.0,0.2055389834897409
3,2,4,1,2,-3.05113833694768,67.7751407056736,21.783931117977126,21.4114813598748,-0.030064429168499707,2.2516166646918583,3.8571241086605035,71,46.0,0.35720891079089423
3,2,4,1,3,-17.8464807645955,29.0160846533337,9.383567067137774,15.584607773157629,-0.029202451929934647,1.1601363080767257,2.38578782091803,47,15.0,0.9614366291495519
3,2,4,2,1,-3.3645852953853,11.4287374451289,7.286792726753787,4.2389350763724405,0.018598247657084652,0.806385952294892,1.6375932568511602,15,17.0,0.2055389834897409
3,2,4,2,2,3.85293560882472,28.9259432908552,16.052057229073235,6.517052321872258,0.0032194620094459434,0.7575950576041947,1.7926337008928002,25,46.0,0.35720891079089423
3,2,4,2,3,-7.2231306644891,24.3696141269559,9.486752802428724,10.87059945369965,-0.004439216351929681,0.7230431376096097,1.4103872130278994,32,15.0,0.9614366291495519
3,2,5,1,1,-18.2980643907035,16.0998185168779,6.155343651423589,8.565946717031094,0.003515152899859496,1.2656206820538032,2.5919794399870906,34,14.0,0.4354718436866228
3,2,5,1,2,-3.10920649400464,67.4894097048738,23.792572336699777,20.387715392406676,0.053561773836483174,2.08895391567816,3.5626288736895972,71,43.0,0.66312689548553
3,2,5,1,3,-17.1043090389293,29.5018983114306,9.321842759219843,15.218123070699352,0.018642659008174276,1.130070221252696,2.3814494520540004,47,13.0,0.9628802790965578
3,2,5,2,1,-9.14044726688952,11.3591194225082,6.35611761087913,5.305205979169901,-0.021507585610141,0.921813413613493,2.00674520937791,20,14.0,0.4354718436866228
3,2,5,2,2,2.06226350179354,29.8291422846237,15.560605552992449,6.699180365078926,-0.027498398336027727,0.766202380913983,1.6711465727121997,28,43.0,0.66312689548553
3,2,5,2,3,-10.5694620843604,23.8792950326824,6.807586953646681,11.604601479700566,-0.029828289051479197,0.7834226548107368,1.5117772563854004,34,13.0,0.9628802790965578
3,2,6,1,1,-17.941921671513,14.9907873676332,6.254809267950641,8.227209195864496,0.0033112597246424728,1.2845421847397993,2.6560871162012916,33,17.0,0.2464825193542495
3,2,6,1,2,-4.04298390852237,66.715294429762,22.602273925315735,20.704731988343344,-0.06236851097916989,2.1782293299405397,3.7367545839120027,71,41.0,0.566763176257641
3,2,6,1,3,-16.3105759988589,28.2396272884543,9.028576663490233,14.851841850964702,-0.0214472121678772,1.0937708182761756,2.300679798229992,45,15.0,0.9663335434091589
3,2,6,2,1,-4.72212128533275,11.2520975434326,6.596935923973956,4.716997333867315,-0.0051711499173095095,0.8664120032778883,1.6559506453637571,16,17.0,0.2464825193542495
3,2,6,2,2,-0.274388673028292,30.1186807549196,15.445233028014941,7.259294307388528,-0.023912128396559026,0.8111685203607399,1.5178505407203993,30,41.0,0.566763176257641
3,2,6,2,3,-9.01399231075566,21.2891648199648,6.153663030012102,10.326470940607491,-0.012628839751298023,0.7013570184719197,1.3623528347429712,30,15.0,0.9663335434091589
3,2,7,1,1,-19.2261796604241,15.6490167962215,6.10194847170918,8.811307855100594,-0.014000404958302575,1.302609859682235,2.6353291897248,35,13.0,0.16692411134239793
3,2,7,1,2,-3.99103277716465,67.3750063265024,23.536839429909126,20.482119557678665,0.027699555390270195,2.189377015298209,3.7992815952406005,71,42.0,0.6285500515723286
3,2,7,1,3,-17.2924649606177,27.6365981508196,8.814887187997954,15.06950453552934,0.008792102173984165,1.1052037584449372,2.3128693700301506,45,11.0,0.9586110508246504
3,2,7,2,1,-8.80138540274846,13.0091577347785,6.53034973476723,5.517832152280047,0.03309859186481366,0.9458295333468116,2.2926243615945,22,13.0,0.16692411134239793
3,2,7,2,2,-0.288080072539249,28.8938414790503,14.040870157605175,6.977628731492827,0.02180650338145405,0.8352724756332234,1.6994980137587987,29,42.0,0.6285500515723286
3,2,7,2,3,-13.11101989155,21.0584493768075,4.416537979450385,11.475097977320758,0.011093051090920798,0.7957321149858756,1.7359697666953497,34,11.0,0.9586110508246504
3,2,8,1,1,-15.9388347295197,14.4867871028588,6.255032010640583,7.835273052054828,-0.001300214272076425,1.1675183754140128,2.20033054429439,30,16.0,0.15735743781835787
3,2,8,1,2,-3.29943174185381,66.7482247418525,20.919674489106473,21.31398564144117,-0.020325608636077623,2.257521715260252,4.090458142527403,70,44.0,0.6636322395025773
3,2,8,1,3,-16.9907496207547,28.6525653881631,8.552321676397161,15.112807098122609,-0.004640599146044573,1.1164619718817377,2.2629556642160704,46,11.0,0.9559263594466301
3,2,8,2,1,-1.35273933687248,12.6986361459295,7.95074664802504,3.987617746352768,-0.026867978343616542,0.7574406954707193,1.3161829689229099,14,16.0,0.15735743781835787
3,2,8,2,2,2.06912046910951,28.2830732386834,14.325622324245506,6.3123394598448215,0.023990487845985446,0.7673821135367727,1.8034694198574996,26,44.0,0.6636322395025773
3,2,8,2,3,-12.2888322011664,22.9691757557189,4.9591746820451705,11.74559160538799,0.02491784615830396,0.7703907913019569,1.4538379973053992,35,11.0,0.9559263594466301
3,2,9,1,1,-16.2976982565433,15.6358650230414,7.259132109312999,8.150921792701697,0.008400835238351993,1.2424002016509061,2.45074343759166,32,18.0,0.1377727606853966
3,2,9,1,2,-3.96242751083138,66.37871440788,21.3657297090142,21.098295242833334,-0.005706729129970297,2.2517803969328924,3.9378622172760025,70,44.0,0.5479615331580544
3,2,9,1,3,-16.8777756314888,27.8784633825193,8.877575242928945,14.773162285360657,0.0007945789802049377,1.1019180962797854,2.33776177975444,45,12.0,0.9564453136717126
3,2,9,2,1,-3.39745687851465,10.8159860565034,6.77147655514927,3.953333429708228,0.006468311880176731,0.7081005655858441,1.3237344123020651,14,18.0,0.1377727606853966
3,2,9,2,2,3.94510414885174,30.0786319664523,15.143700777956271,6.545916737401813,-0.004445746834933172,0.7486634486655002,1.8155169508575995,26,44.0,0.5479615331580544
3,2,9,2,3,-10.3290760864387,22.90248362993,6.723361628644239,11.199873521850721,-0.004629539721702953,0.7418656232935233,1.3825086184507,33,12.0,0.9564453136717126
3,2,10,1,1,-18.3100672756573,15.533518810003,6.241759325876059,8.459306657923237,-0.0068298742176347476,1.2654705610046104,2.737089347397861,34,16.0,-0.0275361279603608
3,2,10,1,2,-3.99212188727191,62.5269156038856,22.210528338399932,19.030488182153658,0.01758411482091327,2.1005532090616126,3.7067050027039983,67,43.0,0.6856830960307496
3,2,10,1,3,-17.0748125666397,26.6677751657593,9.50785432898204,14.897618276898735,0.001680986574057402,1.099640192354317,2.2684929861246803,44,8.0,0.9537825916269116
3,2,10,2,1,-5.05954600821191,12.9682803137476,7.176276952128542,4.644395265018533,0.022417039437277318,0.7955402234389786,1.928147635043702,18,16.0,-0.0275361279603608
3,2,10,2,2,4.11439078188638,28.3046736978235,15.572309767844757,6.038129548532378,0.0034441397301009885,0.7508309318291919,1.7051872696907004,24,43.0,0.6856830960307496
3,2,10,2,3,-11.6378288970294,24.1288183403747,6.5762141753119865,12.080251236112982,0.014898797417376217,0.8102502438734879,1.5473789691112696,36,8.0,0.9537825916269116
3,3,1,1,1,-18.1519832838797,13.2707746452113,4.592429233152572,8.107710227317012,-0.011820534846279106,1.1801133489781919,2.2970369922750002,31,26.0,0.802894807665106
3,3,1,1,2,-4.96437127091448,63.6433337788113,21.339556891578773,20.14828486182786,0.0011029900374907988,2.1261711163450623,3.8119291154978967,69,-1.0,0.9372765406835253
3,3,1,1,3,-15.5941702645067,27.524469424948,8.56793468251778,13.997149746404618,-0.004219919224623758,1.0621060978843655,2.20765130561536,43,-9.0,0.9604807430444974
3,3,1,2,1,-4.35885344193262,0.759074995346043,-0.8673143251738752,1.2797950846334596,0.00014396743616970327,0.222951040977437,0.4161615274074899,5,26.0,0.802894807665106
3,3,1,2,2,-5.27513132117442,64.9352597941885,18.983336170701985,22.861037160717064,-0.02619903400250792,2.1629934169803877,4.555057455880398,70,-1.0,0.9372765406835253
3,3,1,2,3,-20.891576889225,31.5320261757006,5.728595214805315,17.57956226142654,-0.008819032848402993,1.2210420654236895,2.2843854717214693,52,-9.0,0.9604807430444974
3,3,2,1,1,-23.245051257163,13.0074333584446,3.4991778080078575,9.173962466625639,0.0005594461438922702,1.3366221586023916,2.953736699064102,36,32.0,0.6102761009595715
3,3,2,1,2,-5.76146815268826,63.6220791754783,20.588572501439383,20.453705329101904,-0.009359468599022872,2.136347396031292,3.676520665146498,69,3.0,0.9514057764965432
3,3,2,1,3,-17.1566380603207,28.9097812534393,7.992562181254442,14.746546981761407,-0.00537010763810991,1.1433014368444174,2.402941546545161,46,-5.0,0.9193694850531747
3,3,2,2,1,-2.38092562211404,1.3567913607078,-0.4020965977603489,0.921474070750496,0.0029849606906612773,0.17564619567292547,0.44588825086862693,4,32.0,0.6102761009595715
3,3,2,2,2,-4.69365616148463,61.6670743110836,18.62256378326437,22.045610156961718,-0.03609010826118659,2.128825988392632,4.442977693830901,66,3.0,0.9514057764965432
3,3,2,2,3,-19.5163415599896,31.427472655763,6.36455136445381,16.983827031111993,0.003160296685231666,1.1695262431114444,2.24126612027164,51,-5.0,0.9193694850531747
3,3,3,1,1,-20.610994542362,11.9574949990639,3.7804861390402165,8.293986738938935,0.00048811660340980555,1.2514170781642864,2.556005987112499,33,28.0,0.6930499822423513
3,3,3,1,2,-5.73171492028608,63.647223573315,18.19609835118451,21.38047752205036,0.016073097816144452,2.1434096476193325,3.7777381676683994,69,5.0,0.9791717997317001
3,3,3,1,3,-16.8016950781058,27.1321320324178,7.3114563135229895,14.350895196715726,0.014897847492357414,1.0795080578201464,2.284774025286368,44,-7.0,0.9700280426054999
3,3,3,2,1,-4.75297897182335,0.6112560165326,-0.8685868164559382,1.3082734337458857,-0.0023548078725669,0.25313661405259585,0.5117182650774996,5,28.0,0.6930499822423513
3,3,3,2,2,-3.16746176162719,61.3119951258724,19.895343295531017,21.104990198396848,0.04847257188047777,2.0145051296682888,4.297173087423101,64,5.0,0.9791717997317001
3,3,3,2,3,-19.3596700642025,31.3355958575692,6.873436799222481,16.81068299981124,0.011616409670680165,1.149328269916096,2.0642938271548594,51,-7.0,0.9700280426054999
3,3,4,1,1,-19.8692796188544,10.7906090104366,3.4025810175922935,7.892499680347423,-0.005059939430047325,1.1713770849829384,2.373289101505401,31,26.0,0.6520893378616004
3,3,4,1,2,-5.00003715519626,65.2877679011321,20.279368752714916,21.233165115635583,-0.009796881491771296,2.1672596133644246,3.6487766359174003,70,4.0,0.9589798772767346
3,3,4,1,3,-17.3242148215253,29.0053907428835,8.149913747655647,15.335179256094667,0.005212902159532664,1.1224048933910706,2.2772465772999597,46,-5.0,0.9792377679168138
3,3,4,2,1,-3.14532982392365,1.62947641978118,-0.742991189407689,1.1494281759993228,-0.0008925129017592277,0.23166222383844562,0.652646291657865,5,26.0,0.6520893378616004
3,3,4,2,2,-4.62916206848978,61.8439233028423,20.16213341116595,21.55304329871245,0.015602353972746836,2.059488377746241,4.272230784706601,66,4.0,0.9589798772767346
3,3,4,2,3,-19.1335700236173,31.6499909897554,7.2022944849617625,16.905143835352884,0.015134426170379184,1.15541131694778,2.1297785655024297,51,-5.0,0.9792377679168138
3,3,5,1,1,-16.4915736141075,13.1226967481967,4.47087825503488,7.76703332837022,-0.007082402995933567,1.1145457859039198,1.9146266081001997,30,24.0,0.5373401385002572
3,3,5,1,2,-5.65318457155373,63.1444870187155,18.68493171734217,20.784194264889724,-0.005280164896195844,2.1445679452320636,3.879164259019902,69,4.0,0.9523017753641384
3,3,5,1,3,-14.6960770621016,28.1127535401972,9.13234977539184,14.03937852191014,-0.0023256488923782,1.0669106252208933,2.272644344008722,43,-6.0,0.9782739196392194
3,3,5,2,1,-5.09808184668403,0.655516425458217,-0.9709281280884448,1.28630122984989,0.005330692245118791,0.2563639458341559,0.6106721749259099,6,24.0,0.5373401385002572
3,3,5,2,2,-3.6595123401594,61.1479868276398,20.12663742026276,21.124455469165728,0.009333298092970196,1.9034702435039454,4.0770510935576,65,4.0,0.9523017753641384
3,3,5,2,3,-19.3191146593489,30.0495215246379,6.377371312920909,16.613480432614207,-0.012728615754690108,1.1285455914236169,2.07545040343585,49,-6.0,0.9782739196392194
3,3,6,1,1,-22.3701917384925,11.5107297737176,3.670953233834991,8.588279699882426,0.006852968370119987,1.2968793402208028,2.9853861858153987,34,30.0,0.7388046543421327
3,3,6,1,2,-5.44780920917721,61.4572915627881,20.792927096248338,19.059362628987607,0.02014726059118584,2.024242283141136,3.371454365151898,67,5.0,0.9562346027136063
3,3,6,1,3,-15.9205958049912,27.3655370797575,8.470747735620174,14.453713341247699,-0.005374606653743562,1.071707519232588,2.2292863854896683,43,-5.0,0.969031927562544
3,3,6,2,1,-3.49758771423334,0.805442926053359,-0.6371895216625102,1.1338592379103947,-0.008582518545493058,0.2361493020616367,0.507902184804889,4,30.0,0.7388046543421327
3,3,6,2,2,-1.73728155282926,60.4246324516962,18.959267634736193,20.260463392648767,-0.033752976884709705,1.951499407242546,4.132534740835599,62,5.0,0.9562346027136063
3,3,6,2,3,-16.8371783728923,31.5696830347668,7.799049925989698,15.891064787890608,0.0020274406606000063,1.1158029873032496,2.2154478423594806,48,-5.0,0.969031927562544
3,3,7,1,1,-16.0726507216678,11.7191695243969,4.2502807535784815,7.200380761728177,0.0010501316904190138,1.0672303520292055,2.1027949506619006,28,22.0,0.7881598883657327
3,3,7,1,2,-3.50099829894107,63.2952313778106,22.12734036578632,20.264157648786973,0.0008898361231006955,2.0199757778264638,3.6165764069860025,67,-3.0,0.9494919961673423
3,3,7,1,3,-11.7897652980298,29.197260520971,10.948864494944413,13.306903759468199,0.011197524122052492,1.0003296686305205,2.037150778706496,41,-11.0,0.9706117321942411
3,3,7,2,1,-5.40338661470968,1.06646824123428,-0.9678210512363972,1.4443943216364494,0.002102892179193663,0.271140170554873,0.6035812246029302,6,22.0,0.7881598883657327
3,3,7,2,2,-5.31391098296995,64.9791471113535,19.563168967799587,23.2626390202561,0.010968549744614356,2.1253601465225396,4.2449607968361995,70,-3.0,0.9494919961673423
3,3,7,2,3,-19.91370502745,32.2249961354751,6.633800103145755,17.424181165387505,0.005190994104399001,1.1879607430743375,2.119586459300221,52,-11.0,0.9706117321942411
3,3,8,1,1,-19.4258423561173,15.3925749843297,5.053910069200784,8.725043403778546,-0.00044117059921129176,1.2244815685214003,2.587495690667799,35,28.0,0.7284524893435128
3,3,8,1,2,-4.60760321128013,62.1690683657771,22.242079002010527,18.901149884708882,-0.011547737604824658,1.9928136097862588,3.244242982671402,67,0.0,0.9257550426822575
3,3,8,1,3,-16.3165498342666,27.4125728694037,9.096362615714925,14.508526584364798,-0.011264554066161395,1.0773965383647417,2.1212221255715047,44,-8.0,0.946243865061769
3,3,8,2,1,-5.57334533152575,1.46114209075176,-1.1340741343712797,1.636973492432005,0.008298042159062513,0.2902948462751129,0.6154609039707789,7,28.0,0.7284524893435128
3,3,8,2,2,-2.98366580075104,64.20912115109,21.186421740250932,22.15690495713818,-0.02360182440588555,2.124207312880098,4.099697397702801,67,0.0,0.9257550426822575
3,3,8,2,3,-18.5026386279618,33.0438412259512,7.579973795576506,17.155435736684346,-0.010156269591441601,1.193585479295195,2.12151386108296,52,-8.0,0.946243865061769
3,3,9,1,1,-23.5754419371664,10.3720974187037,2.913989558269617,8.821429054074237,0.010570868263224559,1.2663608477994548,2.9081889228751994,34,26.0,0.7477991436761139
3,3,9,1,2,-4.98907034970724,61.2196774204667,19.311060822814106,19.375704241049455,-0.0026477431087546495,2.0634704554134626,3.2523201507348993,66,1.0,0.9655787116296347
3,3,9,1,3,-16.8503625926145,25.4076557876042,7.461135450666258,14.43542784765372,-0.003737426185748545,1.0620415060396675,2.12597254437223,42,-6.0,0.9476897810859227
3,3,9,2,1,-7.45013718375549,0.319517730128643,-1.9728113786967783,1.7885726253380325,-0.0055332399002297125,0.29632898026106713,0.6081760457953198,8,26.0,0.7477991436761139
3,3,9,2,2,2.08751789132573,67.2588680737875,23.577140026992108,21.876751324812133,0.030030232251462674,1.9757206209207017,3.803616192535202,65,1.0,0.9655787116296347
3,3,9,2,3,-14.3828810483019,33.2129837667348,9.09266784394743,15.44497477626685,0.008197693941754437,1.0906706323847595,2.1844202299900193,48,-6.0,0.9476897810859227
3,3,10,1,1,-23.7947806214725,14.7862296472929,5.0114199446568195,9.80400868474039,0.005835475043273472,1.3799759977611334,3.1317315433564,39,34.0,0.5984997789151775
3,3,10,1,2,-4.76117469503766,62.384608621854,21.58305751220427,19.182364963464646,0.010996333346121288,2.083506771058193,3.418742653034201,67,5.0,0.9413764397067228
3,3,10,1,3,-19.147009168226,26.7936654663072,6.951468639482908,15.317960188184989,0.006059483877506944,1.1273576007482455,2.341768437740753,46,0.0,0.9700087219799053
3,3,10,2,1,-4.18061918287278,0.763550701160343,-0.7854087061783703,1.237146802642858,0.01062182793458495,0.2525485051231507,0.5397367101863351,5,34.0,0.5984997789151775
3,3,10,2,2,-0.344709491556758,62.0545131305938,21.00375460292472,21.063082553879745,-0.01349824678973723,1.9541370659185575,3.8597839472281024,62,5.0,0.9413764397067228
3,3,10,2,3,-16.0289812661582,30.4227487910781,7.410517051871635,15.317976547262782,-0.01352246653717522,1.0721450676890552,1.9544483406894004,46,0.0,0.9700087219799053
4,1,1,1,1,-4.64866873579663,19.1408734871228,5.829295786929359,6.372334967316321,-0.002324411459254901,0.7843146402477938,0.76008753905412,24,-3.0,0.9759771581737146
4,1,1,1,2,-2.05909127815185,63.4513431351772,21.045639511134937,21.710878424008712,0.00750235954215868,1.8643165178987011,3.4856706983880983,66,-3.0,0.9974935594027258
4,1,1,1,3,-2.70716744046,30.6850117915554,13.789268043582261,11.038821616307487,-0.0027651815690940577,0.7973999372407943,1.73808454456098,33,-1.0,0.9962565009569274
4,1,1,2,1,-7.85554846032507,19.1454745236967,4.8369712929570445,7.045797641292031,-0.007550570319641092,0.9511076334023837,1.115371478125272,27,-3.0,0.9759771581737146
4,1,1,2,2,-4.83262297783505,64.2506913961123,19.72701987116264,22.559965973769987,0.008227359765232074,1.9645949409147583,3.5340021419760035,69,-3.0,0.9974935594027258
4,1,1,2,3,-2.57965446883329,31.6952639220564,13.936668739267093,10.917532309550337,-0.01344984163468714,0.816453398792581,1.7203982721202298,34,-1.0,0.9962565009569274
4,1,2,1,1,-3.48258377519339,19.7940239108443,6.227353177262081,6.613999912288714,-0.006279958366262973,0.8164888272317388,0.8220140392270899,23,-3.0,0.8960825587079627
4,1,2,1,2,-1.34988257350374,65.5464385421685,23.26377083432131,21.73727236390863,0.00295587539525005,1.899917208384725,3.4339585825667953,67,-2.0,0.9839578008678298
4,1,2,1,3,-3.19866770091913,30.4329197272415,13.582791146494795,10.844730731044017,-0.0046963932245633775,0.789654066479815,1.69641540527652,34,2.0,0.9819432806159542
4,1,2,2,1,-6.3123104977536,20.0168130707834,4.4342896987362135,7.412214335300624,0.0004923489367111937,0.9613558946481071,1.222281324532804,26,-3.0,0.8960825587079627
4,1,2,2,2,-4.75911997770808,64.2080974184734,17.84590144067817,23.370768104331685,0.0195120015789104,1.9335313990686678,3.5231241774734983,69,-2.0,0.9839578008678298
4,1,2,2,3,-1.23446564905857,30.6892950171041,12.380572876215478,10.560376574842,-4.501827590987918e-05,0.7746399364527276,1.6503020370548995,32,2.0,0.9819432806159542
4,1,3,1,1,-4.79899374495779,17.9046932132065,5.498016590404357,6.465709521386029,-0.004492238183469313,0.8183073577797764,1.12846644841503,23,-3.0,0.967814722471531
4,1,3,1,2,-1.98744236336378,61.6159632381654,19.734898401756386,20.62792459510558,-0.009257667196996638,1.827402221505065,3.343971307045699,64,-6.0,0.9939921798199391
4,1,3,1,3,-1.50326554515494,30.135400935989,13.156071637880938,10.586888505976697,0.0038764322372505148,0.7622427784127799,1.699595588078699,32,-4.0,0.9947780626792952
4,1,3,2,1,-6.76212787776672,19.6180318505595,5.168098153473574,7.332974162029757,0.007467587959799901,0.9185750821563309,1.002934353905488,26,-3.0,0.967814722471531
4,1,3,2,2,-3.71227138863599,66.0429066270967,20.05484756538957,22.78474407009614,-0.005921728141444751,2.020552299758067,3.663745927362797,70,-6.0,0.9939921798199391
4,1,3,2,3,-3.50812769705772,32.5164730658037,12.910283162805849,11.460750967892663,0.008295911185196065,0.8556406588618,1.8306248391594,36,-4.0,0.9947780626792952
4,1,4,1,1,-4.74299389359849,18.5000328713785,6.00704565685672,6.389477579452107,0.024437270691609576,0.846847588420403,1.041766313842892,23,-2.0,0.8691511842846861
4,1,4,1,2,-2.07762006796086,64.9068201569852,22.61943283125398,21.496957874092008,0.011453869058754047,1.9065347398944095,3.495415073395904,67,-1.0,0.979078529028852
4,1,4,1,3,-2.14225501269089,33.0738598667368,15.015996141493194,11.20174327955204,0.01683126963192574,0.8183332290234304,1.8398419123225995,35,-1.0,0.9876668826399143
4,1,4,2,1,-6.06961715006899,18.9446873397901,4.7466353066171365,7.091408910018293,-0.019504381829069762,0.925578743465847,1.263768430131278,25,-2.0,0.8691511842846861
4,1,4,2,2,-4.62189279827549,63.484285467086,17.620676365202662,22.861742135465413,0.0014076774172712895,1.9728744858548029,3.6392166853825003,68,-1.0,0.979078529028852
4,1,4,2,3,-2.67469394889715,32.984799605562,13.306207103920991,11.36424904830506,0.006702569311343572,0.8499423374318911,1.8004359744883391,36,-1.0,0.9876668826399143
4,1,5,1,1,-4.2794321349259,19.3390173990959,6.215610123861981,6.365506115843578,-0.001708812688625446,0.8607632103819668,0.96222242904398,24,-2.0,0.9867100500701893
4,1,5,1,2,-1.21391988355149,65.057338663561,21.940427366378643,21.614446080405592,0.005089156106686531,1.9241499533863764,3.5932438484833966,66,-2.0,0.9944827863034393
4,1,5,1,3,-1.60369714997104,32.8513925876053,15.232763578042315,11.157911005556652,0.000624048012683171,0.8183328786915335,1.8078180568506,34,-1.0,0.9922386124388464
4,1,5,2,1,-7.30823024962305,18.7615062182984,4.420509162463627,7.479000574417726,0.013972866328795358,0.9841640367145149,1.3452119246984613,26,-2.0,0.9867100500701893
4,1,5,2,2,-4.4348220374553,63.5666152266234,18.785345782751044,22.655522880876113,-0.010577677303739605,1.9532724300653177,3.564892696078097,68,-2.0,0.9944827863034393
4,1,5,2,3,-2.25610968590135,32.3896484027974,13.473661570547966,11.241717181356798,0.009537419273631676,0.8127793047615982,1.763086986392599,35,-1.0,0.9922386124388464
4,1,6,1,1,-3.60063282987739,18.6337932760088,6.417183605168846,6.549975400345648,-0.012016932020592872,0.8888216148048025,1.271672104090268,22,-4.0,0.9391046284651712
4,1,6,1,2,-0.712411890341382,65.5471284386408,23.166647649369565,21.204576128931688,0.011875616755781903,1.9177655899045478,3.5916113195842954,66,-1.0,0.9919698137253128
4,1,6,1,3,-1.72243037584216,33.2733108781136,15.51559690219822,11.157888547679319,0.006184153503118797,0.8247210706234918,1.7964071724309996,35,3.0,0.9943233580787579
4,1,6,2,1,-7.5378381006422,18.0563524454873,4.3333579286956825,7.1733234538860415,0.017404935862398416,0.9866991455464201,1.4786034953127292,26,-4.0,0.9391046284651712
4,1,6,2,2,-4.85140896834873,62.4837205716179,17.6108930623066,22.09166985376753,0.004533175616110197,1.9184500426178368,3.529907427415502,67,-1.0,0.9919698137253128
4,1,6,2,3,-2.27940080710174,30.2010961384962,13.467564369983283,10.613496147930178,-0.004154161787775218,0.7807054842959097,1.749021099277691,32,3.0,0.9943233580787579
4,1,7,1,1,-5.88650120966197,16.9789585809038,5.242586475872171,6.279453454196374,0.008921953538898622,0.92563977873037,1.48086135378888,23,-2.0,0.9167179272937138
4,1,7,1,2,-0.356817655556863,66.1458990791222,22.942755376872995,22.17131977705132,0.009161327525246704,1.870203093634929,3.5077923211485,67,-1.0,0.9951913086238208
4,1,7,1,3,-0.788950802695605,32.5469034107564,15.036077367934743,11.155994318040188,-0.0005926482794029455,0.798434322162455,1.6781109124223512,33,-1.0,0.9947072973132527
4,1,7,2,1,-6.4396492307183,18.3003825953163,4.919273468550486,6.5966031468937985,-0.0028805834576555497,0.9452066345943971,1.109077562089706,25,-2.0,0.9167179272937138
4,1,7,2,2,-4.9216139090388,63.1622816699561,18.470837704995056,22.279686869933848,-0.006243922626133861,1.9870775021579865,3.6384080431826007,68,-1.0,0.9951913086238208
4,1,7,2,3,-1.90198455599446,32.4223482322248,14.549429691308493,11.048198408498665,0.012527177892265349,0.8057906732682117,1.7669511161422111,34,-1.0,0.9947072973132527
4,1,8,1,1,-3.96801511941629,19.231182487862,5.527293433181089,6.751581967079235,-0.011488635484114811,0.9028284052549305,1.1611367432127528,23,-1.0,0.9853203329289156
4,1,8,1,2,-0.727712419310158,66.6953227846188,21.59511988599526,22.81495433963948,-0.01581005965830409,1.9721528306327565,3.7698397309708014,67,-2.0,0.9895620422268733
4,1,8,1,3,-1.67209384241812,32.5035046455346,14.68497852256856,11.05098143416796,-0.01069465095670695,0.8247946611004959,1.8257091060550898,34,0.0,0.9904705076373246
4,1,8,2,1,-5.81371561307618,17.7734507626363,5.5897934577617105,6.504926929828787,-0.025089469804561094,0.9462325209360197,1.1876317579832396,24,-1.0,0.9853203329289156
4,1,8,2,2,-5.07690693554751,63.5110993069634,21.188240046415892,20.971719055861694,0.016001556810086533,1.9548559316880008,3.7093689065324966,69,-2.0,0.9895620422268733
4,1,8,2,3,-1.79604707225369,32.1324387818293,15.932940540471014,10.784684380191935,0.00795799021447525,0.8160473296314196,1.9358630497228404,34,0.0,0.9904705076373246
4,1,9,1,1,-3.81616678717616,18.2026559489135,5.672567001956135,6.540305047792504,-0.0037880709124948732,0.8649400076459294,1.079195336438445,22,-4.0,0.9691670942663668
4,1,9,1,2,-1.19154095721762,66.6121781297716,23.175648110622927,22.370828848078787,0.007270932668862275,1.93542415450376,3.6605095599501993,68,1.0,0.9977391343726116
4,1,9,1,3,-1.74616535681344,32.5911292899443,14.528526126906696,11.07389179605524,-0.0006597666658306821,0.8226613188720292,1.8663730131495004,34,2.0,0.995026602725782
4,1,9,2,1,-6.93716690272491,18.6138610353031,4.867514807041165,7.181346489181403,0.011310548858744952,1.019554770763111,1.484170431768419,26,-4.0,0.9691670942663668
4,1,9,2,2,-4.85962825750779,62.4672224494373,19.468429156086582,21.637722803012302,-0.011214067964296142,1.905648846888887,3.437535766723599,67,1.0,0.9977391343726116
4,1,9,2,3,-1.57912463599975,30.814100745279,14.605872911500235,10.559782862055084,-0.012955931759101983,0.774834723779128,1.6836994166322192,32,2.0,0.995026602725782
4,1,10,1,1,-4.20340337167166,17.7662962468429,5.3073175590768695,6.430554621807398,0.0021700266092208463,0.8618516256383548,1.236524478294348,22,-4.0,0.9825872741982957
4,1,10,1,2,-1.26950496239297,65.197455263519,21.179675442061562,21.839461525884612,-0.007987160370867325,1.9416671329916724,3.5653835155251983,66,-4.0,0.9921283597305399
4,1,10,1,3,-1.81295823082156,32.2288274026969,13.932119921848953,11.17402398274128,0.006752219864824739,0.8119759366897275,1.7561477751741013,34,1.0,0.9915480851464485
4,1,10,2,1,-6.78250072397778,19.0085097852454,5.224914129545325,6.997843513050375,-0.003592734971080889,0.9548882251618116,1.09970139979223,26,-4.0,0.9825872741982957
4,1,10,2,2,-4.95220286529957,64.6657372780486,20.707400152544302,21.8367288015948,0.017059003878968814,1.9471231420104782,3.644210462607802,70,-4.0,0.9921283597305399
4,1,10,2,3,-2.10114386460259,30.9006919249952,14.61995561009388,10.53693368731814,-0.013410548899842592,0.8068604019374657,1.8364376667576412,33,1.0,0.9915480851464485
4,2,1,1,1,-4.74916727017127,18.6577089563108,5.943611272664725,6.530986726994331,-0.00025560125657089186,0.9859479314119496,1.1630562215163902,23,-1.0,0.6724429380001334
4,2,1,1,2,-0.782403867041734,66.7243547723372,23.649341689875826,21.26994863283315,0.009893056658104334,2.041100644643664,3.9923100291023985,68,37.0,0.8641006190778074
4,2,1,1,3,-3.72439914120752,33.0626299216003,16.90775461712508,11.590570566893863,0.0012645187135980084,0.9038373479852415,1.8633808043407196,37,6.0,0.9161361271977219
4,2,1,2,1,-3.43778696231623,20.283615730363,11.106442594925937,6.56472399959773,0.054743183358283765,0.724034925963778,1.080562978801536,24,-1.0,0.6724429380001334
4,2,1,2,2,1.95938537384375,32.7024386149791,16.00697174645423,7.806483110083009,0.0066894039803411885,0.8669211843073559,1.8325772825480016,31,37.0,0.8641006190778074
4,2,1,2,3,-3.53037883556783,27.5342460264007,12.537442850851244,9.989425287537713,-0.0010724297533940541,0.701981442545281,1.4698223280093003,31,6.0,0.9161361271977219
4,2,2,1,1,-8.23634048347709,17.375936928695,5.522984170661411,6.772599387944231,0.0012356241402741548,1.131122385087298,2.0148797739591497,26,3.0,0.6500095492975814
4,2,2,1,2,-1.54758396464286,66.6390056336087,22.639210340220064,20.868219110162322,-0.016753919177340048,2.0675383610872577,4.175084013170505,68,38.0,0.8023076004522064
4,2,2,1,3,-1.37880924545101,32.7142874271248,17.08036325305104,10.611969728918535,0.005905110077009922,0.8370200211831311,1.96791427707306,34,3.0,0.9262038556486006
4,2,2,2,1,-1.7737494187703,20.9726272236058,10.961482195414899,6.429887417070941,-0.023110590455339117,0.8747464619488755,1.1104961362763,23,3.0,0.6500095492975814
4,2,2,2,2,1.93436240159096,32.1836951886978,16.11119241812596,7.70282631337221,-0.007745102904610297,0.8450593700355727,1.693123933643399,30,38.0,0.8023076004522064
4,2,2,2,3,-3.77739035985993,27.6538765487851,11.56004754954212,10.329615511623913,0.004106689411198024,0.7157325342474032,1.4492748141910994,31,3.0,0.9262038556486006
4,2,3,1,1,-4.66264446517523,20.1636721244808,6.3882349930470665,6.8371577628799605,0.0051169226715269325,0.9981756306367742,1.1551168977022859,25,2.0,0.7199917525339166
4,2,3,1,2,-1.51851864450829,66.0154958310053,22.734454545538807,20.924838029878735,0.013510193725798997,2.0163368455264195,4.1323840447869955,68,37.0,0.7897047527388067
4,2,3,1,3,-2.70418790811636,31.3904699365994,17.291626583240088,11.01700012805825,-0.005295302349248502,0.8600787995956198,1.7807483950174312,34,3.0,0.9418238461827061
4,2,3,2,1,-1.74392644318354,21.6262293036414,11.39671766333775,6.8541271137760855,-0.017476637602147623,0.8110195960354836,1.0834534890467948,23,2.0,0.7199917525339166
4,2,3,2,2,1.71605748036538,32.3505218492392,16.007188132892406,7.975014966827502,-0.0013364959629716833,0.8492478223617528,1.7209007416002002,31,37.0,0.7897047527388067
4,2,3,2,3,-3.27951319884594,28.1704129757494,12.146038741662604,10.102858780372516,-0.0017135681064614039,0.7026200746430394,1.5284598614679012,31,3.0,0.9418238461827061
4,2,4,1,1,-4.03956875568885,21.7996164334393,6.705982292058004,7.014147730673999,-0.021306537352159788,1.0144527554126237,1.2112403996225303,26,0.0,0.6511983508735085
4,2,4,1,2,-0.197400446706069,65.7882958770672,22.519070985867042,20.6947067596997,0.0032143656054290847,2.0105523415985016,4.065358348393502,66,35.0,0.7762342586385372
4,2,4,1,3,-2.97068437652669,32.5748710699266,16.65574496098693,11.119314642163351,-0.009806377818213873,0.8784174499446574,1.8100044778759798,36,5.0,0.9421780337780534
4,2,4,2,1,-3.01924169458798,22.652995113443,12.67158433818574,7.122291607485571,0.021227854607579102,0.781733661082736,1.345043186833306,26,0.0,0.6511983508735085
4,2,4,2,2,1.71428065919651,32.3349019925052,17.46845752968049,7.551117986010148,0.010368875459812871,0.885039922119718,1.7102862797637997,31,35.0,0.7762342586385372
4,2,4,2,3,-3.89497681044191,27.2454432230421,11.812750179977344,10.241571312141772,0.0014472885813158428,0.7029147053255748,1.4566970579307021,31,5.0,0.9421780337780534
4,2,5,1,1,-4.54234177697151,21.4844542033169,6.3864712932444085,7.31681178683744,0.004428053548097256,1.0485111546322372,1.3121711919149721,26,1.0,0.6986532832883541
4,2,5,1,2,-0.261434990924572,65.8445170512609,23.754375870352696,20.801780964519413,-0.0029624802255447044,1.9669270190132426,3.8787094415065013,66,35.0,0.8251122643857337
4,2,5,1,3,-2.12404377756331,31.6451087661201,16.362579121949125,10.729858837987578,0.005658871414009921,0.8273223763745808,1.7550251127440806,34,3.0,0.9645547909427097
4,2,5,2,1,-2.76522612304032,22.6431368644789,11.555851402272893,7.377536269365569,-0.010275852874910795,0.7830206340282234,0.9512736869835781,25,1.0,0.6986532832883541
4,2,5,2,2,1.05096630522298,32.1670827135359,16.09988886373396,7.824227892386563,-0.016205375913080296,0.8953448541071297,1.9926464258237004,31,35.0,0.8251122643857337
4,2,5,2,3,-4.36518548295755,27.0568479029841,12.42434222214552,9.979266925769146,-0.01656192739003664,0.7087981369586887,1.2591397741398005,31,3.0,0.9645547909427097
4,2,6,1,1,-4.78430735162334,23.472008332869,6.435743989605182,7.77031625155212,-0.002844743731386804,1.0517439838783071,0.9247869454145197,28,0.0,0.7582044430911504
4,2,6,1,2,-1.38178332292301,66.7506366345065,23.341392677453232,21.807403006709087,-0.009547805860513764,1.9941529383297714,3.8714846397733,68,34.0,0.8216976385615516
4,2,6,1,3,-5.13414975404057,31.9585027933695,15.2723943866145,11.612400616341883,-0.001764002471037612,0.9060359092492791,2.03015105944138,37,7.0,0.9502279313570012
4,2,6,2,1,-4.22315337302242,23.9850800379414,11.94547434670052,7.560460160772957,0.013850041232708514,0.8603824143372528,1.2915393682299379,28,0.0,0.7582044430911504
4,2,6,2,2,1.03379827232778,34.5552520025464,17.609774811044836,8.033015790417899,0.06537140935793416,0.839950464933289,1.887864244525101,34,34.0,0.8216976385615516
4,2,6,2,3,-3.777047196223,26.4892671693858,11.614778854365763,9.74277481951857,0.01347642515584555,0.674638637963571,1.3132083539604,30,7.0,0.9502279313570012
4,2,7,1,1,-5.02973252083113,20.9184475426107,5.922453981804003,7.03408028804785,0.014585969015510793,1.0176008589628351,1.2747308126679735,26,1.0,0.6827960436751178
4,2,7,1,2,-1.53469476663895,66.3995924474112,21.623848316447816,21.90061023058599,0.008268516200838233,2.036080792457423,3.970079748263103,68,38.0,0.7542184639530572
4,2,7,1,3,-2.92674400341617,31.848778396508,15.520114088711077,11.241209589275302,-0.003401426134468313,0.8654897329564218,1.7761437577509795,35,4.0,0.9498585705781094
4,2,7,2,1,-2.85154447297863,22.3234104214752,11.718818792003788,7.062448680096111,0.003045817676642076,0.8179744339311251,1.206398017243429,25,1.0,0.6827960436751178
4,2,7,2,2,2.07328700762613,32.1541448058967,17.461059864139685,6.656402239104233,-0.05534691108606594,0.8263005585448809,1.8983898117848987,30,38.0,0.7542184639530572
4,2,7,2,3,-4.05143557169634,27.1146662239601,11.53794465284962,9.826832034835505,0.006641097345562366,0.6798085336181573,1.3212705945285013,31,4.0,0.9498585705781094
4,2,8,1,1,-4.16507152884024,20.9084153500833,6.5099103903267865,6.879828036527041,-0.021768428289100444,0.935014792756256,1.0123285709973642,25,-2.0,0.6797572772623177
4,2,8,1,2,-0.993749136003627,64.1708083084804,21.672769892572695,20.336102269697587,-0.00286280691141938,1.9615381222650101,3.7261104402591982,65,34.0,0.7833784285256143
4,2,8,1,3,-2.94933196458,32.2990711520007,15.591681644165472,11.594198653970658,0.012623680077294063,0.8693211440864602,1.75785827305197,35,3.0,0.9732508782189394
4,2,8,2,1,-4.35582529230357,22.5020759874752,11.535187343227939,7.794196335817362,-0.04743251093623663,0.8669250521057525,1.459366882234566,27,-2.0,0.6797572772623177
4,2,8,2,2,-0.687284025339148,30.1213147808088,16.097294788867075,7.557287905844368,-0.026888210436592754,0.9178084346018401,1.7961436977270004,31,34.0,0.7833784285256143
4,2,8,2,3,-5.92758204379805,26.2135885016338,11.246647558059355,10.353499138380183,-0.03297239920771781,0.740508012950058,1.2547665826413983,32,3.0,0.9732508782189394
4,2,9,1,1,-4.27652015831709,21.638085306154,7.054623299178084,7.2397712855967615,0.01595500394139527,1.009329122015289,1.1593189087259868,26,-2.0,0.7359545623407775
4,2,9,1,2,-1.09111964480808,66.8997293829304,24.288206938672793,20.901503691265418,0.00042465747675108956,2.0293084069592084,3.9379355998911976,68,36.0,0.8510755700666002
4,2,9,1,3,-3.04879637754816,31.8620845030647,16.913603080777182,11.007885077633274,-0.016012508774928724,0.8827148108031954,1.8379939367114595,35,4.0,0.9513059292470416
4,2,9,2,1,-5.81542709400871,22.1690236213507,11.21200042900036,7.825631918223901,0.04570998917749292,0.8029819982137509,1.1693580484094899,28,-2.0,0.7359545623407775
4,2,9,2,2,-0.823135625678714,31.2682724811143,15.56836730851317,8.420790618052271,0.02115235142726694,0.874420135757995,1.6252204622301,32,36.0,0.8510755700666002
4,2,9,2,3,-3.50317610360017,27.175627718713,11.662752646411322,9.74706093702893,0.021738369210336644,0.687997265598514,1.4833694661100996,31,4.0,0.9513059292470416
4,2,10,1,1,-3.53122033625123,20.6994298277587,6.905386850364523,7.143775832212553,-0.02586613969964448,0.9987769703420457,1.41369797080586,24,-2.0,0.6170247361405631
4,2,10,1,2,-1.02797401633431,65.0641418250383,23.491433000947403,19.764470678500697,0.0063516101422926765,1.9670686713013772,3.7916989852461995,66,37.0,0.728166863067677
4,2,10,1,3,-3.532382533743,32.0370074506271,16.132177129749685,11.470633604562178,0.014915064137816821,0.887385994719429,1.83178686902267,36,4.0,0.971526924724462
4,2,10,2,1,-3.72724453381755,22.6172265048782,12.4053333751758,7.1952158130530925,0.014237863215090197,0.7517067207621079,1.246634913171319,26,-2.0,0.6170247361405631
4,2,10,2,2,1.34901905817913,30.6991481520154,16.878671375598778,7.214988287236194,0.002771325375191681,0.8898599701495743,1.7148371925883978,29,37.0,0.728166863067677
4,2,10,2,3,-5.19489752135787,26.5349242335916,11.35500543081506,10.143630186837187,-0.00688903206991683,0.7196589327780264,1.2965437242601006,32,4.0,0.971526924724462
4,3,1,1,1,-10.5597032748378,14.7095141469136,5.135484395360283,6.356864078835841,-0.0023732739596030584,1.0750534184325622,1.9797067593109006,25,18.0,0.7852051754531804
4,3,1,1,2,-0.455357171157654,60.5224158260126,22.391309417550065,19.680262440937327,0.00019484903982024856,1.7327374126126966,3.177530133905698,61,8.0,0.9562894052352314
4,3,1,1,3,-4.26250612165474,29.0590543844594,13.318074547696659,10.753298875515009,-0.001986973708583188,0.753221000144329,1.5335054265401098,33,-6.0,0.9876857526551082
4,3,1,2,1,-6.79740578134718,-0.0202477612145875,-2.726042104354086,1.7536227398790363,-0.0063569661986656424,0.25038052348903667,0.5997336197483305,7,18.0,0.7852051754531804
4,3,1,2,2,-6.00438484348917,47.0341070108366,12.798226857510134,17.56166979657754,-0.0037858587113157372,1.6232633801604857,3.7223569523304008,53,8.0,0.9562894052352314
4,3,1,2,3,-9.01589975159904,30.2125268734897,10.348434666682227,13.470102152758228,0.0026763885096029527,0.9298195309445156,1.9327652762839103,39,-6.0,0.9876857526551082
4,3,2,1,1,-9.55828326019889,15.8086318389511,4.861350757743233,6.5415703173302235,0.0011601289951559445,1.050281047003684,2.00781137667178,25,18.0,0.8495718328770874
4,3,2,1,2,-0.873859453366445,59.9299585522842,20.025219176965926,19.98686454405804,0.0001333221055617393,1.755655763058209,3.2713769129304,61,3.0,0.9480015181795536
4,3,2,1,3,-3.97778002176425,29.4117385726257,13.012808569600061,10.700834285467156,0.0043977194438237785,0.7618505589072823,1.5870019151887798,33,-11.0,0.9925705648715742
4,3,2,2,1,-7.09663868734363,0.0039347184624302,-2.8512248287207145,1.8432132196126096,0.007596122778873961,0.24083543862602547,0.5055723106736298,7,18.0,0.8495718328770874
4,3,2,2,2,-4.40205521010589,53.7491902624024,15.422211651784295,19.652589526369507,0.0770128197291305,1.7040338986649666,3.7191344513240985,58,3.0,0.9480015181795536
4,3,2,2,3,-10.1145726253345,33.8578232529707,10.659401961819674,14.366560024559352,0.02480592696478119,1.0005512084709338,1.9876351251976403,44,-11.0,0.9925705648715742
4,3,3,1,1,-7.99175467527661,15.9486344294268,5.238346566912992,6.288928084030959,0.007853518195599608,0.9689211748424142,1.5292246066126296,24,18.0,0.8414320009144911
4,3,3,1,2,-1.16269452910807,60.1790421918809,20.714162301364386,19.964211589012784,0.011340234359032388,1.7356863785452201,3.3077744299776057,61,7.0,0.8995349381119614
4,3,3,1,3,-5.84589285952561,26.2272194129898,12.805259663545234,10.514120464122504,-0.006689924463810889,0.7567252458403462,1.6405024501598406,32,-12.0,0.9717684312250835
4,3,3,2,1,-5.73067578250613,0.115284478035782,-2.4486148640347474,1.6516727448300172,0.003731438192714854,0.2010316034660788,0.46755500872693023,6,18.0,0.8414320009144911
4,3,3,2,2,-2.44732144182647,51.9125952757604,14.9127070035117,18.108002385279654,-0.020199373298971982,1.6874152987280835,3.8893027055568012,54,7.0,0.8995349381119614
4,3,3,2,3,-11.2205912807963,32.837790558762,9.661077463419987,14.239807854991682,-0.007463902247088128,1.0157409382206202,2.12468650713424,44,-12.0,0.9717684312250835
4,3,4,1,1,-9.14776775714304,15.3939642938286,5.180660601034461,6.302752803441166,0.0132024462575997,1.0548265156528671,2.0322339126785702,25,19.0,0.774850753545483
4,3,4,1,2,-0.339740707473786,60.404691715043,20.063638542634656,20.133827963821474,-0.004278954057999471,1.783963422490693,3.4150341099932007,61,7.0,0.9755614435929788
4,3,4,1,3,-5.00731642011126,28.2926249951608,12.932896103310632,10.723556818924404,0.006620495772334681,0.7737113775803763,1.6197532215930304,33,-12.0,0.958403281867697
4,3,4,2,1,-5.97757005945322,0.0268801811720064,-2.6411659888515575,1.6081398274554262,-0.008377024925230101,0.22467305959095593,0.5222115351926,6,19.0,0.774850753545483
4,3,4,2,2,-3.69565782382789,50.4521106719229,13.723571652099979,18.6415835528445,-0.04249997198643226,1.6894169974515831,3.7610553012666017,54,7.0,0.9755614435929788
4,3,4,2,3,-11.3438375399429,34.1326834908922,10.234229088550432,15.061254012736914,0.002292163952156472,1.0420007092192853,1.9455182813255099,45,-12.0,0.958403281867697
4,3,5,1,1,-7.58582109197712,16.9191286707266,4.9880507582251985,6.454293013453535,-0.026145828595742576,1.0284402409085538,1.6564085851529997,25,18.0,0.7883138264928026
4,3,5,1,2,-0.800003077014621,61.3153121765139,19.427055218532963,20.936877925771338,-0.0008221569772481291,1.7991661114216324,3.4617935041795036,62,5.0,0.9252310894040675
4,3,5,1,3,-4.09923864976896,26.9468330651087,13.469585108330493,10.144916786881872,0.0020946223274940575,0.7366075802413772,1.6553521171985395,31,-15.0,0.9874034274051537
4,3,5,2,1,-7.32975542212467,0.159587457762834,-2.8038179228681535,1.856449505713155,0.005671683190530594,0.2558198426196163,0.62784814777664,7,18.0,0.7883138264928026
4,3,5,2,2,-4.57732893306815,52.0775606652112,16.006430227208128,18.609705189145597,0.02552948626054276,1.7641181245842137,3.752234058463703,57,5.0,0.9252310894040675
4,3,5,2,3,-11.032765551977,35.2494777213169,11.08587794788082,14.940704172218075,0.009836717569600016,1.046392626590849,1.97246129984491,46,-15.0,0.9874034274051537
4,3,6,1,1,-6.41752156072921,13.8651344603117,4.9175332541142565,5.723568658642071,0.0057993067936012825,0.8998872951760453,1.3828536845583919,20,14.0,0.8273992307668826
4,3,6,1,2,-1.10559531163949,56.7964631748581,18.926149624029943,19.00768176442227,-0.003646101850931309,1.678837704595704,3.0982127336630043,58,1.0,0.9678050592901772
4,3,6,1,3,-4.65348344267713,24.6025528591192,12.124098843129847,9.909567391878916,-0.015097398398149496,0.7004172849793677,1.51983133318772,29,-15.0,0.9788212353930775
4,3,6,2,1,-6.23175224935769,-0.22732977395528,-2.821659111776815,1.598966592434834,-0.0008312145360762327,0.21745397007002937,0.48115073589862956,6,14.0,0.8273992307668826
4,3,6,2,2,-1.60264710624589,55.0357660188264,17.414097053915278,18.98531340184463,0.001932564323850695,1.7271446469920582,3.601602565887003,57,1.0,0.9678050592901772
4,3,6,2,3,-11.2565192613357,32.4336682261749,11.034212775078618,14.355872752759268,-0.00019658182566435962,0.9830133775268342,1.79339447849775,44,-15.0,0.9788212353930775
4,3,7,1,1,-7.14052666303388,15.6846219993122,5.836895341925779,5.958878506532873,0.04478891719925189,0.9487017307765129,1.77535436570143,23,16.0,0.8480644363965896
4,3,7,1,2,-1.13272011842387,58.3877198237838,19.390575959687652,19.043698376982732,0.00016711795293722354,1.6836833863921283,3.4324996146185,60,9.0,0.9219817450069265
4,3,7,1,3,-4.09536093419454,24.1336843412595,11.747500319470223,9.786854251316852,0.0047152337380406,0.6792594476632678,1.5078148366341004,28,-13.0,0.9858006323073655
4,3,7,2,1,-7.03444506139838,0.255438844071358,-2.5914972780391095,1.8173564972564573,0.009259922442007325,0.23970820461759368,0.49693494894605017,7,16.0,0.8480644363965896
4,3,7,2,2,-0.5767530304505,50.2510803471063,15.235953434358219,17.97748578047125,0.003409633373267426,1.644128459826417,3.596755427525,51,9.0,0.9219817450069265
4,3,7,2,3,-9.77892047607271,31.1704419180558,9.808533200069867,13.541986462079112,-0.01726733411045049,0.9534444732791738,1.6742825312889797,41,-13.0,0.9858006323073655
4,3,8,1,1,-3.76921165190732,13.6845071996471,6.368708852547681,4.589611120497958,-0.00016786166374257262,0.7902716025405231,1.306613166556157,17,11.0,0.6820790161639793
4,3,8,1,2,-2.2020424117907,55.9607848054591,19.239045734919607,18.552445658477602,-0.008581447364130992,1.6544100155203159,3.0013194946457986,58,10.0,0.9362828082051459
4,3,8,1,3,-4.22230278736159,24.9273715328623,12.119641499626312,9.892252528920674,0.001603500018736617,0.6785196639340341,1.2282255185468296,29,-10.0,0.9749650002758048
4,3,8,2,1,-5.85564399580217,-0.301032790472931,-2.2657520216894365,1.2851711673180957,-0.0019007126667247532,0.22212313975619336,0.6307401575372795,6,11.0,0.6820790161639793
4,3,8,2,2,-3.48077147886038,44.5865877060965,13.381934741212808,16.61318321954439,-0.010882729775011485,1.5110682184682223,3.563065407440998,48,10.0,0.9362828082051459
4,3,8,2,3,-10.1981138531783,29.047963085531,8.899618288514832,13.096772439884207,0.01817128041939012,0.8807337396274585,1.5524858362414191,39,-10.0,0.9749650002758048
4,3,9,1,1,-5.86910364625603,16.0437211724462,6.772297789142776,5.3630348977456155,-0.015248135413412184,0.9692058818491731,1.8567131963197465,22,16.0,0.7331874352530079
4,3,9,1,2,-1.71518783043091,57.8578078126971,20.07105135407883,18.170360629446883,0.007969962808551365,1.7070326417708257,3.0916761555807,60,3.0,0.9803814448845708
4,3,9,1,3,-3.53921430102334,27.6022570984502,12.563239903790283,10.949159232734191,0.013983703235407917,0.738031075642551,1.4072162622318896,31,-10.0,0.9894496905287807
4,3,9,2,1,-5.66979246504807,-0.0426558626313622,-2.3462740062913547,1.3726012644998018,0.006481671301608021,0.19244842181989358,0.41763471718154044,6,16.0,0.7331874352530079
4,3,9,2,2,-4.28834062975927,52.3312701576801,14.567435851321836,19.3665917940431,0.00863117318201624,1.7055838657506204,3.690101500833901,57,3.0,0.9803814448845708
4,3,9,2,3,-9.40865419505123,31.8018833197307,11.278731244154853,13.69105349056158,0.004084129641530682,0.9458565167601227,1.629373302049608,41,-10.0,0.9894496905287807
4,3,10,1,1,-5.63588833079553,15.6100490622177,6.757797174623671,5.418711413943996,-0.005582886138208521,0.8926257291490356,1.62739490933313,21,14.0,0.8068864228837971
4,3,10,1,2,-0.982325441974027,54.6700881528519,19.71719614801458,17.53956854602307,0.02113595055678472,1.5514989319988715,2.5634377597989015,56,1.0,0.9687540666701558
4,3,10,1,3,-4.27383786528891,25.4679891981238,11.693923065060783,10.828645191081158,-0.0013940827530792281,0.7087781970245709,1.3040086904818207,30,-10.0,0.9793261121430646
4,3,10,2,1,-6.26497097612012,0.329538988517022,-2.363044746266283,1.5783645158772397,-0.01048668948121396,0.23637097157381065,0.5269694991791596,7,14.0,0.8068864228837971
4,3,10,2,2,-1.84813310615547,53.2740993204555,16.498907117298067,18.321475135906308,0.008110648177432704,1.7195667139625692,3.7379114185985003,55,1.0,0.9687540666701558
4,3,10,2,3,-9.76212768454945,30.085590454212,11.317896729676542,13.053970656473066,-0.018246603717212862,0.9318536920705227,1.83396991955559,40,-10.0,0.9793261121430646
5,1,1,1,1,-8.21355946919798,19.6839147306127,5.994667807480587,7.385728601877317,0.0014544134986155387,1.0518767899852148,1.5092423623825706,28,0.0,0.9777174240681575
5,1,1,1,2,1.11754300784722,68.3494264431386,24.83650046830277,21.090617359131965,0.016718876912988914,2.0243425850318864,3.6229777575767983,67,0.0,0.996782789437397
5,1,1,1,3,-13.2333524555072,27.2147264713179,7.6689450858500114,13.325332097949948,0.007095539945063356,0.9359835345178075,1.9016071855104433,40,0.0,0.9978049987162912
5,1,1,2,1,-10.3043582366907,18.1325792528236,6.14216271932633,7.836527951347324,0.0058177019889958485,1.0461867739215784,1.4802784130707396,28,0.0,0.9777174240681575
5,1,1,2,2,3.78532785052202,70.9490285125336,26.22683637364513,21.6286244026751,0.01127285667269713,2.058259111621599,3.773808666988103,67,0.0,0.996782789437397
5,1,1,2,3,-11.0661239746327,28.5409503087013,8.660330431308296,13.25730022749957,0.004266522594440593,0.9321322403940033,1.92665785814565,40,0.0,0.9978049987162912
5,1,2,1,1,-8.28821901455141,20.2400518595328,5.754145657038551,7.63678583597381,-0.010934249521096834,1.0583250435252687,1.3531781684712794,29,0.0,0.9735482321996397
5,1,2,1,2,1.50218942258178,68.2567570834549,25.038865321641794,21.26031692848506,-0.01182307954194346,2.0716542597909116,3.652520549531097,67,1.0,0.9952990016303788
5,1,2,1,3,-13.5842619987852,27.2421122559722,7.97813706586439,13.526061499702505,-0.0033831608513465324,0.9494749215447214,1.950859656212188,41,1.0,0.9966570650279116
5,1,2,2,1,-10.7188555578699,18.6179467212155,6.253450425679518,7.9502495551019425,-0.0032067610455858405,1.0538144143820227,1.4947240938306594,29,0.0,0.9735482321996397
5,1,2,2,2,4.34029051899811,70.2297195497609,25.835326296466086,21.329223060622006,-0.0028123326021086154,2.0578947370999736,3.774149660777205,66,1.0,0.9952990016303788
5,1,2,2,3,-11.0980671327273,28.6634756261218,8.56636297550186,13.336123884117765,-0.001971101842153452,0.9469697964539576,2.008167220580176,40,1.0,0.9966570650279116
5,1,3,1,1,-10.2873886881215,18.6754473354387,5.74290568881242,7.6694741083094815,0.016541370635153364,1.0937656765988877,1.73032026031105,29,1.0,0.9880094047927261
5,1,3,1,2,1.14629904685109,67.5451575300049,24.93763321675547,20.72425496095034,0.011548729850308219,2.0377024373376433,3.5926786339474006,66,-1.0,0.9978397459324876
5,1,3,1,3,-13.5542343496047,27.5342265272457,7.923949414045737,13.565651011976351,-0.0005987539423158675,0.9623886255856076,1.9783959413310879,41,1.0,0.9953931860662361
5,1,3,2,1,-9.98855878600778,18.4561628023336,6.011079521128991,7.799214223344907,-0.0025568125235275233,1.0101505391880043,1.3415422427837402,28,1.0,0.9880094047927261
5,1,3,2,2,2.7067264820189,69.6062989861936,25.288843130432678,21.300444192156327,-0.016993276089773964,2.0607589242816844,3.7564987459712995,67,-1.0,0.9978397459324876
5,1,3,2,3,-11.5587639049426,28.5620870904922,8.531048921101872,13.395807209454537,0.003883598502928706,0.9489459823364325,2.0258106391605493,40,1.0,0.9953931860662361
5,1,4,1,1,-5.8653524672512,18.8515327248352,5.9639482835166975,6.649615856190384,-0.014434882357550792,0.9360951532876205,1.13663323721916,25,-2.0,0.9619299351698207
5,1,4,1,2,1.71190207866887,66.1954375233286,24.310895726784512,20.625410893274065,-0.005377318866680398,1.9693303355024525,3.3527991845011016,64,-4.0,0.9962805889181725
5,1,4,1,3,-13.0956640471973,27.5749881872519,7.72929589465432,13.481501364431386,0.010018794891139594,0.9270202124564352,1.9554389856128072,41,1.0,0.9988269094478859
5,1,4,2,1,-10.0636462124889,16.8491290768088,5.551109907523649,7.520488084909169,2.7512589656434954e-05,0.9870817429183509,1.3496211647133993,27,-2.0,0.9619299351698207
5,1,4,2,2,2.54943515732624,70.7400838517287,25.911102989959666,21.859394518346473,0.05102005385376822,1.990421479841477,3.6919233912559974,68,-4.0,0.9962805889181725
5,1,4,2,3,-11.3615646810266,28.4404286006837,8.858576576370618,13.289612470180842,-0.00304420374341285,0.9349664930297694,1.8758417044315718,40,1.0,0.9988269094478859
5,1,5,1,1,-8.22754218054377,18.9264908750852,5.807016070027261,7.4142657665849265,-0.00666248340678505,1.0040690057954489,1.3122005638162406,27,-2.0,0.9560876177955152
5,1,5,1,2,1.2108813926446,68.3037119606277,25.748758641393884,21.243417214581886,0.001408093586719306,2.0399710505090933,3.412659880362604,67,1.0,0.9831105089109137
5,1,5,1,3,-12.8417352190037,27.7459837824744,8.574254285982242,13.359988753797527,-0.00908415503603662,0.9396022274781581,1.883560468491774,41,1.0,0.993646515105386
5,1,5,2,1,-10.682491442558,17.9143343372354,6.168728829336823,7.673732438475639,0.004935275662407926,1.023945486888289,1.5469284969305894,29,-2.0,0.9560876177955152
5,1,5,2,2,3.79805748231082,69.5108806668195,24.94601085130903,20.981929475007888,-0.03626822598985901,2.0668936348900067,3.831532306546798,66,1.0,0.9831105089109137
5,1,5,2,3,-11.1267325735872,28.7753914799874,8.813082791756285,13.110849322968782,0.0043651601415911215,0.9446803273946632,2.0097070011161318,40,1.0,0.993646515105386
5,1,6,1,1,-9.47706686511879,18.5465646980805,5.4484724582834945,7.600557839065293,0.006770389478208215,1.0094852437031259,1.3617765938652493,28,0.0,0.9799928132624426
5,1,6,1,2,1.50055031529824,68.1569986274042,25.774584116527386,21.094597187069958,0.014513883761401392,1.9846395063054774,3.4744768729797997,67,1.0,0.9916942160622095
5,1,6,1,3,-12.8183664001378,27.3947857047368,8.248494779194662,13.246583565924512,0.010976129923762373,0.9138925018292517,1.866640016215032,40,1.0,0.9971711185023374
5,1,6,2,1,-9.88587375751562,17.7006471985138,5.928332431975583,7.625879154183858,-0.009292403418719605,0.9987697002880226,1.41541527702896,28,0.0,0.9799928132624426
5,1,6,2,2,3.67556418352208,69.4016545915238,25.405429553401195,21.063688518913477,0.00270927944257812,2.027530580786968,3.6948382882539974,66,1.0,0.9916942160622095
5,1,6,2,3,-10.7738052771992,28.2276082895789,9.125907697917295,13.028158245467505,-9.753152076140484e-05,0.927210508468145,1.9503960098330466,39,1.0,0.9971711185023374
5,1,7,1,1,-8.06785395513552,18.5945612961336,5.9240542049881455,7.1734395038583125,-0.0035374761586103014,0.9954656399520037,1.3548200932121803,27,-2.0,0.9840135395179446
5,1,7,1,2,2.71830163776356,67.466913418193,25.723798248236278,20.621292060120307,0.004815426861771288,1.9921171278243213,3.4199860130459996,65,-1.0,0.9963461434859774
5,1,7,1,3,-12.3917575719366,27.6599349595847,8.643789799644656,13.2845582878188,-0.0019178580628623886,0.9325780693214633,1.919905074028275,40,1.0,0.9983580484555468
5,1,7,2,1,-10.617083131764,18.0726287412868,5.970294978613505,7.959010713833524,-0.0026751680815201,1.0574402724724214,1.5032489882303208,29,-2.0,0.9840135395179446
5,1,7,2,2,3.5014151048074,69.954376154602,25.731098119905084,21.223744557817184,0.014186512465202377,2.0256403686496185,3.756608159682301,66,-1.0,0.9963461434859774
5,1,7,2,3,-10.2684664264426,28.2372722824405,9.103203025104161,12.877350082673011,0.0005511334129514729,0.9163601367275839,1.9849092529565275,39,1.0,0.9983580484555468
5,1,8,1,1,-8.29194254368647,19.0472189124172,5.945779161778869,7.166515894561677,0.013223328873233665,0.9996288731088409,1.3982623585141996,27,1.0,0.9831139264012019
5,1,8,1,2,2.57137728694898,67.4766133515906,25.492833221024533,20.75237835545226,0.013576125732115748,1.956460511536854,3.3942465173000045,65,0.0,0.9990602159068971
5,1,8,1,3,-12.3405155877268,28.1561403459521,8.439314060015978,13.309881098535806,0.0074669308106148375,0.9243541372507758,1.9018362136583091,40,0.0,0.9978495417256935
5,1,8,2,1,-8.90099143544381,17.136178700151,6.030190984618233,7.47332939942935,0.008377564209850691,0.9485453507165171,1.274566761367158,26,1.0,0.9831139264012019
5,1,8,2,2,4.03764303299417,69.1646728226222,26.069103815348658,20.99441199081608,-0.008046633618129203,2.016902169683847,3.6049532685101937,65,0.0,0.9990602159068971
5,1,8,2,3,-10.8856165589436,29.1553235960611,9.341078721813917,13.274034043647323,0.0058091818441445555,0.9373099622020182,1.950230906472061,40,0.0,0.9978495417256935
5,1,9,1,1,-7.39762179264441,18.2183995318974,6.053220076097601,6.918597837757338,0.018355041042604558,0.9738880991461418,1.2948828679968498,26,-3.0,0.9725396417396441
5,1,9,1,2,2.62135053438359,71.7347027388042,27.067372811621087,22.278100652220168,-0.01467340701731495,2.1107921325851886,3.5855783735336004,69,1.0,0.9951396628505488
5,1,9,1,3,-13.1942719723323,30.7781622623713,9.14507520161082,14.411410845936818,0.01471998443535048,0.9977024281011646,2.086375970994847,44,3.0,0.9946999359888994
5,1,9,2,1,-11.8414507805321,16.9551519876463,5.760080686818531,8.086545028541371,-0.008500097404883365,1.0535729106305463,1.4841201298255609,29,-3.0,0.9725396417396441
5,1,9,2,2,3.49670099578314,71.4504290846576,27.09821978381767,21.42478007092221,0.027308729172377817,2.04559083936836,3.730879472277799,68,1.0,0.9951396628505488
5,1,9,2,3,-11.0317910366919,29.6589076941781,9.67675862211696,13.38101167404099,0.0026216239374039366,0.9523868030112442,1.93757098248237,41,3.0,0.9946999359888994
5,1,10,1,1,-8.30971856728213,19.4010100326846,6.169790947263159,7.254189221345908,-0.02207198318927812,1.0392675232368356,1.3743989692626197,28,-3.0,0.9473664612681264
5,1,10,1,2,1.93018391116877,70.402850319972,25.793405278207523,21.95137337222669,0.005907569507317917,2.0738294874225476,3.6045645246939984,68,1.0,0.9907960262245284
5,1,10,1,3,-12.5979391071377,29.1591819376445,9.073274647606762,13.724039266222642,-0.01719477430571881,0.9761439279531048,1.95626041300684,42,-1.0,0.993663181734746
5,1,10,2,1,-12.6842133847303,18.1268890467805,5.756820697554551,8.249196983385493,0.020663518659418116,1.0648861420202953,1.68366172017517,31,-3.0,0.9473664612681264
5,1,10,2,2,5.96065058499916,73.4307576127681,27.375670508768707,22.330710133677815,0.014299825540147628,2.096194090795055,3.9534797385535967,67,1.0,0.9907960262245284
5,1,10,2,3,-11.1191226612008,31.6316108224355,9.420922802755234,14.012398488388346,0.01296388201315545,0.993671543141135,2.0426639262827626,43,-1.0,0.993663181734746
5,2,1,1,1,-7.12443874137973,17.7687863312657,6.132587297426901,6.858890360082333,-0.0321856187398399,1.0316595073470003,1.4827776948190001,25,2.0,0.5297751035307339
5,2,1,1,2,3.55840765950096,67.2523254143978,24.971359819214978,19.84806244594289,0.03453010309399862,2.048262593738766,3.697121348726796,64,41.0,0.7595348318885707
5,2,1,1,3,-13.1086926079869,30.5113085912102,12.635676854183819,14.0289693585241,0.003590152707689125,1.037944278436915,2.14437895338002,44,7.0,0.9595379128475671
5,2,1,2,1,-2.12555460623087,21.2494587796619,10.457848189023151,6.2544701490400785,-0.024159025740233465,0.9244002794663457,1.3859107414447558,23,2.0,0.5297751035307339
5,2,1,2,2,7.66915695455301,30.8189135676402,16.515772038373523,6.837532068228384,0.017161005812135147,0.8068804268380423,1.9842625831456004,23,41.0,0.7595348318885707
5,2,1,2,3,-13.1325103330406,23.6404631717503,5.5623538747652255,12.341610801431566,-0.010012933784471288,0.8078020896011335,1.3612956117919008,37,7.0,0.9595379128475671
5,2,2,1,1,-7.01504730514352,19.2147435466694,7.230355236668817,7.073263922873217,0.041134192244436256,1.066769301029079,1.6217381820435097,26,4.0,0.44512691124749454
5,2,2,1,2,5.19153089576103,68.8927563121611,26.654785915000573,19.674218352209916,-0.01625641968265287,2.1707688863264396,4.0684610512359995,64,41.0,0.4652688239318252
5,2,2,1,3,-11.6656579682785,32.8424354096535,13.820074786992555,14.155265735659983,0.014033563363439623,1.0675728462995304,2.276506191457341,45,6.0,0.9181041319720133
5,2,2,2,1,-1.27095239326109,20.9902883551847,10.829263739861792,5.884169673281205,0.0234855675768403,0.7899711913692803,1.4910019617416201,22,4.0,0.44512691124749454
5,2,2,2,2,7.36581508871968,30.737803733384,16.58887107498875,6.8429435783095505,-0.018277670829557925,0.8186859899633749,1.9597622917029014,23,41.0,0.4652688239318252
5,2,2,2,3,-13.6384747119154,24.966167417502,5.706534973920181,12.729314466353966,0.019625286957206934,0.8136085728031492,1.2185421359942499,39,6.0,0.9181041319720133
5,2,3,1,1,-5.27763212560629,18.6774121669312,6.708963146504519,6.52844818906686,-0.02100526016153901,1.0186724370312834,1.475891383731891,24,1.0,0.4796033721704485
5,2,3,1,2,3.63846015696026,67.1800345191778,24.22079322604908,20.008812018471865,-0.013029344716107229,2.1120443007783485,3.926211113974901,64,39.0,0.6158858226874636
5,2,3,1,3,-12.1685283939544,31.2773487857635,12.662047765839162,14.201272330083038,-0.018108510302981162,1.0468662125000954,2.27103047161423,43,7.0,0.9654621828723428
5,2,3,2,1,-2.37429162795432,20.4125525548689,10.158723673259448,6.085367922150243,-0.023366769816958614,0.8850494413577179,1.534753969818021,23,1.0,0.4796033721704485
5,2,3,2,2,7.47855508020026,32.0225558272904,16.490376882520184,7.153576536762551,-0.0007947057599564356,0.8605391345177806,2.2068011501058002,25,39.0,0.6158858226874636
5,2,3,2,3,-11.780866687415,24.3254281507033,6.911495507443546,12.004540874488539,-0.01048745765393265,0.7795157602018654,1.2195151956626002,36,7.0,0.9654621828723428
5,2,4,1,1,-5.76736091417881,21.093615428975,6.5823438014182525,7.247732485851018,0.005581486986442079,1.0424465549174287,1.31325166231086,27,3.0,0.3539748775622899
5,2,4,1,2,3.46877115709685,68.9503203187558,25.05230695790327,20.88098573382789,0.011206896976126536,2.1163213039163242,3.893153130211502,65,39.0,0.5529768400158667
5,2,4,1,3,-11.9699033348226,32.1862899493078,12.640338372144598,13.965609552329196,0.004220256366549488,1.046404895009133,2.25170965275822,44,8.0,0.9528519637889826
5,2,4,2,1,-3.23954527910273,20.5338663464046,10.814307745018997,6.169015602617141,0.0351872704143994,0.8818041728556778,1.6914526006369597,24,3.0,0.3539748775622899
5,2,4,2,2,7.67535026114725,33.9930555164265,17.50898739636845,7.390649002535722,0.0005375929702314786,0.9198890275062789,2.2898434865631003,26,39.0,0.5529768400158667
5,2,4,2,3,-11.4080948272768,24.8494484006608,7.431808599856864,12.024192265735586,0.012219510428900007,0.7803212007519817,1.2947553058104395,36,8.0,0.9528519637889826
5,2,5,1,1,-6.31728300800558,18.9986609065926,6.6036758594818386,7.045843810868161,0.012240070854404452,1.0411176803147084,1.4564656397750508,25,0.0,0.5851127607829122
5,2,5,1,2,3.39503090539598,67.6598190894712,25.078212057394804,19.975293529612554,-0.003959687003083958,2.1112225510058993,3.949156786514898,64,41.0,0.6098324752294391
5,2,5,1,3,-12.0054967458436,31.1192535074954,12.924111770811106,13.756255458428857,0.002978930365297016,1.0392239441197948,2.2385357605113905,43,8.0,0.9619301288990024
5,2,5,2,1,-3.23698944626897,21.4649722712329,10.335338043887152,6.1855862138568245,-0.028731955090709707,0.8753893231521497,1.588188687542805,25,0.0,0.5851127607829122
5,2,5,2,2,7.53010515438832,30.7330631810843,16.551664323139292,6.664241676870259,0.0019245179533510907,0.8217713192658044,1.954289027242801,23,41.0,0.6098324752294391
5,2,5,2,3,-10.7367035444157,24.6312359921767,7.724017333368197,11.794018230316928,-0.006256254482412868,0.7715623810351959,1.2936977551221904,35,8.0,0.9619301288990024
5,2,6,1,1,-5.3402756935047,19.5389125379781,6.819061907909403,6.72393466494919,-0.0028145233564811816,1.0154275101232337,1.4488111774688626,25,0.0,0.5197267452864577
5,2,6,1,2,3.56627082869872,68.2762303017832,25.414542468840263,20.05646996719742,-0.0014605992198665283,2.1480489013005517,3.9154705010447017,65,43.0,0.698203462491416
5,2,6,1,3,-11.5543033606531,31.5183629472305,13.761656664284578,13.868308728369662,-0.0002851381434554609,1.0526566760075264,2.18831731445807,43,6.0,0.9551331315857942
5,2,6,2,1,-2.59742990169822,21.936734300729,10.533960593499586,6.375958665618177,0.015052952094988118,0.8547918392320797,1.6808056952298212,25,0.0,0.5197267452864577
5,2,6,2,2,7.87064782290103,29.5858008647753,16.317988256937465,6.475156476419934,0.0009253106421128853,0.8316519352975177,2.0158396861405024,22,43.0,0.698203462491416
5,2,6,2,3,-13.3761065675833,23.912015321766,6.108334711694742,12.443735436836187,-0.005583037998374249,0.812750089355298,1.3016603234409097,37,6.0,0.9551331315857942
5,2,7,1,1,-5.02779177350043,19.5623575723627,6.725889193779683,6.687341681477873,0.01100065463049783,0.9980898944003759,1.354402167927756,25,2.0,0.5504115329471392
5,2,7,1,2,3.26161356412767,67.4963361708047,25.35114469235463,20.148057929186038,-0.0018715289070539603,2.0903937133247195,3.7128862647272953,64,41.0,0.6790961106721681
5,2,7,1,3,-11.2351091048848,31.6618408008138,13.408428535296414,13.775645676940036,-0.004459496712105943,1.0314458648649523,2.1632356903643504,43,6.0,0.954981464011886
5,2,7,2,1,-1.68606968242729,21.7091427960524,10.027335954093624,6.598837277006144,-0.005911017634214557,0.9016819285901694,1.5150993453809298,23,2.0,0.5504115329471392
5,2,7,2,2,8.23966515562006,31.644450383354,16.595159227377373,6.815033371905919,0.004339825865653666,0.8235402467950982,2.007745286278098,23,41.0,0.6790961106721681
5,2,7,2,3,-12.5697007118691,24.147987879003,6.240210029344082,12.060032385428416,0.00450519511684058,0.787039142972015,1.2059496133023,37,6.0,0.954981464011886
5,2,8,1,1,-6.1375413525513,18.7188785392143,6.864383513366825,6.754675914215748,-0.014453974625245645,1.011498603055049,1.426604603186448,25,4.0,0.4299029232433904
5,2,8,1,2,3.11838077160681,68.533768792059,25.49735540065735,20.520597331145396,0.007280940422286033,2.137640449690247,4.001421880444397,65,43.0,0.6626740345165486
5,2,8,1,3,-11.9377801437114,31.6991920984823,13.245649300279071,13.926189504814229,0.011969795026983178,1.0410199652726244,2.1638384944770603,44,8.0,0.9611487757134225
5,2,8,2,1,-2.0355607244963,18.8133963348666,9.815653141394765,5.581532787423017,0.0255023633926896,0.799115627274191,1.6196191223999301,21,4.0,0.4299029232433904
5,2,8,2,2,6.70581795326085,28.3271990709882,16.07716208868139,5.9907339149706225,-0.020141403039414443,0.7611467431846063,1.763187086200798,22,43.0,0.6626740345165486
5,2,8,2,3,-12.2980049090271,24.0789063192329,6.095283750416297,12.121309712951835,0.0006217482597495344,0.7902699378096596,1.30749416656408,36,8.0,0.9611487757134225
5,2,9,1,1,-4.27706034810051,18.6091119923985,6.734863073646976,6.0224976603207585,-0.005166057755842569,0.8602208556545323,1.3565152409174628,23,-1.0,0.5597195547952797
5,2,9,1,2,3.38016058241448,66.340282066415,25.044607257890924,19.901007276733683,0.014113434513413656,2.0500367866176066,3.7819680947983976,63,39.0,0.7249636210710441
5,2,9,1,3,-10.1089573056888,30.9241975497864,13.90966997565484,13.388518783500247,0.001055013866502984,0.988046362897558,1.9310873261158301,41,4.0,0.9649420304103374
5,2,9,2,1,-2.09136325217133,21.6611818413048,10.566767080935104,6.354193144293756,-0.028633770295657716,0.8816469367346459,1.643369965772722,24,-1.0,0.5597195547952797
5,2,9,2,2,6.3924707001504,30.774679366593,16.008022605172563,6.865162349007896,-0.00338232165938752,0.8478456323301312,2.0854936438703007,24,39.0,0.7249636210710441
5,2,9,2,3,-13.4196182592646,23.9025022984626,5.878803911746794,12.315863591150128,-0.0021779002715960317,0.8093304369945219,1.2895109224203,37,4.0,0.9649420304103374
5,2,10,1,1,-6.97392331262149,18.935760987293,7.445395458856824,7.5159665319659466,0.015801401164606432,1.0731074465799835,1.80357112956561,26,3.0,0.5683499408543048
5,2,10,1,2,4.35451769836349,68.3930451915701,27.686828436373027,19.188521933741306,0.00031467652602733113,2.1203748641186224,3.7798012630348055,64,43.0,0.6892406724105682
5,2,10,1,3,-11.1701762216855,31.611583862537,14.551365341461414,14.22189598675509,0.0027166430630485073,1.0617354915417059,2.185417949529869,43,5.0,0.9373849473956892
5,2,10,2,1,-2.60575863678801,20.7827718365575,10.229859096607536,6.256043929846113,0.023782597479934553,0.8470982144442945,1.5877366568039153,23,3.0,0.5683499408543048
5,2,10,2,2,6.444447741594,27.840256577355,15.180757413631767,6.053996651319944,0.006647228806230498,0.7830769564792971,1.767487870419199,21,43.0,0.6892406724105682
5,2,10,2,3,-13.0614125140753,24.5326751862594,5.801968182835781,12.540283945524191,0.00905275250633466,0.811332768667891,1.286854105491079,38,5.0,0.9373849473956892
5,3,1,1,1,-12.4058172020127,17.0207953676426,4.596710557971168,7.5367433311813254,0.00832610634803951,1.1112760337280982,1.7857523260498098,29,22.0,0.806882010734907
5,3,1,1,2,3.17031777743398,67.6404353989922,22.67584033413569,21.98671376964427,-0.0029449172460271305,2.0597061654063746,3.8284377817646984,64,2.0,0.967287836795013
5,3,1,1,3,-14.4547384853916,28.1939335919659,8.09039078925131,14.050113289636057,0.0022755375227445375,1.0060030295254032,2.110162449309869,43,-1.0,0.9557772544937394
5,3,1,2,1,-6.06474786216959,0.714608093314178,-2.253176932147369,2.0668365005894493,0.002820590362137326,0.29813789954078174,0.84926810270992,7,22.0,0.806882010734907
5,3,1,2,2,2.65715766354916,65.0682690910247,23.04579466831166,20.59381018718711,-0.0017553221848553464,2.0715879397197856,3.9124389086655995,62,2.0,0.967287836795013
5,3,1,2,3,-15.2738373416282,28.5289079562719,7.180916697613876,15.21089923782477,-0.0027049639462782397,1.0440673537452967,2.190340632002182,44,-1.0,0.9557772544937394
5,3,2,1,1,-11.4029133654409,18.3915064264636,5.244414566454427,7.780308387982326,-0.007414672918875441,1.1290210791389503,1.70898363185559,30,23.0,0.8136318917246017
5,3,2,1,2,2.84529430375113,68.9103882018708,24.152612414070436,21.933775992603035,0.0042096098801845585,2.0977625022115887,3.8133218506606,66,4.0,0.9695082989581961
5,3,2,1,3,-14.8761019301695,27.571913616729,8.504244016041241,13.544052620781327,-0.005396228770515836,0.9967300498406471,2.00822021492082,42,-2.0,0.9559038861697436
5,3,2,2,1,-6.0670007533526,1.10918413157063,-2.006994405670278,2.022473989824504,0.0013537224320742587,0.2916073270646463,0.8705955073445302,7,23.0,0.8136318917246017
5,3,2,2,2,3.67108752293731,65.6317735415418,22.441317053952847,20.70219449677295,0.005551550996425542,2.0661585467959065,3.971107895053102,62,4.0,0.9695082989581961
5,3,2,2,3,-15.7813282406855,28.4241710000413,6.3014110198566495,15.17926033553632,-0.0020281740383613946,1.0398002820470313,2.1102783633771107,44,-2.0,0.9559038861697436
5,3,3,1,1,-11.1367772483506,17.7093087512462,5.374858162079889,7.635447931939044,0.005541458582253263,1.0993214039946868,1.72374064140564,29,22.0,0.7921458017422562
5,3,3,1,2,3.02512315338176,68.8051361157034,24.385753669967322,21.753342231159927,0.003559752274322283,2.0764193289189676,3.741276325700003,66,3.0,0.9679532870609329
5,3,3,1,3,-14.1122874426738,27.3341811666022,8.508199580146417,13.41068727811525,-0.0006644982714821603,0.9794041895653359,1.9740988126348604,41,-3.0,0.9254476126612308
5,3,3,2,1,-5.89894396791003,0.672482844592983,-2.1288522971550528,1.9929984654457182,0.007445947236918316,0.28558556746669234,0.9017850841811801,7,22.0,0.7921458017422562
5,3,3,2,2,2.92981988556305,65.8542575640178,23.117673265077215,21.22279053996794,0.020775876492246836,2.0427266693999306,4.0314463017356985,63,3.0,0.9679532870609329
5,3,3,2,3,-15.56053755846,28.825102427432,6.613130826803323,15.476612277564362,0.017875710579300024,1.0485448259861003,2.282256914560107,44,-3.0,0.9254476126612308
5,3,4,1,1,-9.02837786855495,18.0707794615798,5.277878290321044,7.006329072306266,-8.022129559238194e-05,1.0453253118481325,1.5213954263046494,27,21.0,0.7890551153023386
5,3,4,1,2,3.026072713946,68.4923288831945,23.055739321838267,22.39341569783867,0.010182943935040597,2.08664844173171,3.8400997082764974,65,1.0,0.9668734051574184
5,3,4,1,3,-14.349135245484,28.0075478064638,7.913965052650915,13.76561176553867,0.01364235954769801,0.9836349394027861,2.0319565155662804,42,-3.0,0.9642365638603116
5,3,4,2,1,-5.54281346968933,0.854740862996622,-2.1666711538894297,1.9583918203093567,-0.0012099513229047515,0.27806625834610055,0.7823392212615996,6,21.0,0.7890551153023386
5,3,4,2,2,3.47363211647247,67.950131113948,23.983863786372524,21.307994631291876,-0.0005579479355151437,2.0921982218522834,4.1198468538623985,64,1.0,0.9668734051574184
5,3,4,2,3,-15.6272648979326,29.0094198615429,7.035912365184586,15.491350063277336,-0.0041460275147692975,1.0689237843976427,2.19708345415403,45,-3.0,0.9642365638603116
5,3,5,1,1,-9.24386206684913,18.3529152782822,5.7209762278072445,7.240655361241419,0.010440515820148618,1.0494872607976513,1.5525862702740998,28,21.0,0.8610640785591247
5,3,5,1,2,2.07023441345919,68.9007216629665,23.84054209380973,22.136647145551542,-0.019361848762533367,2.0985830249262687,3.7564405272203985,67,5.0,0.9766930735150319
5,3,5,1,3,-15.3353664065925,28.6095153379845,8.152450392279992,14.453248834270383,-0.0007228923940554541,1.0276791368324356,2.082397086506067,44,0.0,0.9868006423860605
5,3,5,2,1,-5.60643788195866,1.16236478245767,-1.8992296287159394,1.9379009318898417,-0.003952651869542275,0.26951221307973333,0.7241313160122198,7,21.0,0.8610640785591247
5,3,5,2,2,2.33390029644585,64.0305718648895,21.95714916198885,20.235843678841068,-0.006697599571624451,2.0024010026027126,3.9206295405713973,62,5.0,0.9766930735150319
5,3,5,2,3,-15.3363897607047,29.1197947754893,7.045999718185983,15.210461266295376,0.0030156803230960267,1.0315025508929605,2.127535447919905,44,0.0,0.9868006423860605
5,3,6,1,1,-11.1575196189588,17.9683329458332,5.366578253922341,7.474954452275657,-0.0030768339652331744,1.1163398558609816,1.6405872954202803,29,22.0,0.7394000031182211
5,3,6,1,2,1.49651019027666,68.475946130934,22.8302758130679,21.82733462155488,0.0044554942801491105,2.13302415264442,3.7928285547989944,67,3.0,0.9325072609906625
5,3,6,1,3,-14.4301313436515,29.5561098454341,9.368024271111162,14.077350941838466,0.005335965756358406,1.0381686317474383,2.1445509507100198,44,0.0,0.9043635285752776
5,3,6,2,1,-5.52300048104569,1.05998261223509,-1.8647060089426593,1.9328606194653524,0.009759867217347522,0.2553241205566455,0.7436779819162798,7,22.0,0.7394000031182211
5,3,6,2,2,-0.0225134481596093,64.0658797795554,22.274299332784146,20.601406660376913,-0.0004529692347172291,2.0196494822754096,3.870464196289902,64,3.0,0.9325072609906625
5,3,6,2,3,-14.5422680173224,28.9876592785936,7.886918153760982,15.255589841171156,0.005084657533796036,1.0252607074822462,2.166712295902874,44,0.0,0.9043635285752776
5,3,7,1,1,-11.1970525831101,18.7850804435122,5.055159499417402,7.642055402995994,-0.0017194228443213918,1.1477485067676574,1.7353862406909997,30,23.0,0.7851343668431913
5,3,7,1,2,1.30952687651662,69.2883341637568,22.746366475450454,22.577034205333295,0.019175185784258416,2.113838520725974,3.9134110077451965,68,7.0,0.9674459226791701
5,3,7,1,3,-14.8787447729835,27.9165719461345,8.872860038542692,13.8290115794372,-0.0013500236109316892,1.0163804629030875,2.1113797153790497,43,-2.0,0.9439120204233975
5,3,7,2,1,-5.9691367259473,1.12340780219205,-2.08060677834855,1.9504535521230575,-0.0004493830765367347,0.29800462092526336,0.9090526508228902,7,23.0,0.7851343668431913
5,3,7,2,2,2.65607181933564,63.3997972100363,22.414832142520908,20.131982159111015,0.005341905282544453,1.9600854966649737,3.770731965009901,61,7.0,0.9674459226791701
5,3,7,2,3,-16.1993637358433,29.1119340845527,6.323307082425728,15.727837236539534,-0.0006229815238455505,1.057405203179936,2.0531128355749395,45,-2.0,0.9439120204233975
5,3,8,1,1,-10.4421257558824,17.5917749759093,4.8741973559316305,7.199011287456959,-0.006853709471740791,1.0909165478346272,1.5763828720356603,28,21.0,0.7931359800289036
5,3,8,1,2,2.94800205227277,69.3910324437448,23.369332165075573,22.60994885846361,0.008082820614376426,2.0955551231763234,3.8998292325712,66,3.0,0.9792400367824008
5,3,8,1,3,-14.3426470518113,28.9514591629048,8.646699057102976,13.972907550440208,-0.004280801582353466,1.0071051723523488,1.9013205024874904,43,-1.0,0.9639168490261906
5,3,8,2,1,-5.80462305903905,1.26898516546003,-1.856282428291632,2.0551704055575493,-0.0025634299485565357,0.28237974785997244,0.7538666036253798,7,21.0,0.7931359800289036
5,3,8,2,2,1.97214901065499,64.9400360543646,22.092663548440157,20.927413937960942,-0.0009512378839532673,2.0142590253545256,3.9463591139515017,63,3.0,0.9792400367824008
5,3,8,2,3,-15.3257679555186,28.9549877564897,6.607416241469529,15.242814761341002,-0.0046381947039079215,1.04151775941287,2.217281762147895,44,-1.0,0.9639168490261906
5,3,9,1,1,-11.5945871416574,18.3606036546079,5.276653423053169,7.747704238981653,0.009342625341325447,1.129003240648846,1.6796250732118407,30,23.0,0.8071537671859076
5,3,9,1,2,2.87423923380364,68.3641884733233,23.820228018026537,21.935143363617662,-0.010438553873810994,2.077597300192612,3.8360014631327033,65,3.0,0.9721610962554763
5,3,9,1,3,-12.9432384542331,27.5362706460691,8.86195210979319,12.936335433947667,-0.00928894089569604,0.9601687114100045,1.9165926145936902,40,-6.0,0.9452063184491049
5,3,9,2,1,-5.53725083616246,1.24066571645996,-2.053749375507474,1.9789142344715156,0.005413699249715938,0.2668576798659455,0.7610928620240602,7,23.0,0.8071537671859076
5,3,9,2,2,3.77803211367629,65.5364473643542,23.177226599645095,20.866142708055186,0.005466268229304747,1.9965035692236643,3.9679298521351,62,3.0,0.9721610962554763
5,3,9,2,3,-16.1737321023828,29.8002783053924,6.602068385588804,15.727410753893295,0.010751844293551471,1.0614632537633295,2.19769955742193,46,-6.0,0.9452063184491049
5,3,10,1,1,-14.3085367193166,16.5104994146138,4.715225522850655,7.752785353577941,-0.0013516768040434635,1.1844276118110144,2.1636786574416096,31,24.0,0.7572176826058685
5,3,10,1,2,2.57454661812799,69.4705095319954,24.37851749413637,22.123467689350562,0.015617336951242967,2.0726805469536562,3.8391941047219973,67,4.0,0.9714277265315533
5,3,10,1,3,-13.5911746239785,28.2509022107635,8.631283419959486,13.340786158174012,0.010042053470732646,0.9708933371479138,1.96311661816258,42,-2.0,0.9462852248025685
5,3,10,2,1,-5.42341721807828,1.23911797392617,-1.6721010388148407,1.9166495065572,0.004875165068659107,0.2736349163362946,0.8427643971633696,7,24.0,0.7572176826058685
5,3,10,2,2,2.54025490075605,65.1469444571989,22.694309542578413,20.75880250790402,0.006197561354094756,1.9736797139998765,3.9072473083238037,63,4.0,0.9714277265315533
5,3,10,2,3,-15.1307498534827,28.5185836096368,6.737255592933466,15.296705075707532,-0.003845029518717813,1.0319954479872484,2.237996763325481,44,-2.0,0.9462852248025685
6,1,1,1,1,-12.4911314182187,16.3364259615999,3.048818154059917,7.2583917865596215,0.011280850098936132,1.0742315523870527,1.4535301894783288,29,1.0,0.9615471400731609
6,1,1,1,2,7.05226730140842,75.0679909993848,28.618564234676867,20.895048225548937,-0.00576327460723208,2.036338335889763,4.204077214600403,68,2.0,0.9939684122029208
6,1,1,1,3,-4.89515020843931,33.57296366428,15.54142308178369,13.063474185035401,0.010332862685275246,0.941191800200447,2.21260190969938,38,1.0,0.9966103013457609
6,1,1,2,1,-17.4770793565873,10.1716486003536,-0.42613832628104115,7.143552894129916,0.007410032454786804,1.0415959410496516,1.7870118264967996,28,1.0,0.9615471400731609
6,1,1,2,2,10.494645843566,76.0573073149971,30.372262876758757,21.072746463138166,0.01112563501788613,1.940165188955929,4.087612478524996,66,2.0,0.9939684122029208
6,1,1,2,3,-3.59561861413568,33.8692693765932,15.616825369714222,12.630085144567126,0.013487451491016813,0.8820375851311903,1.9705555854459105,37,1.0,0.9966103013457609
6,1,2,1,1,-15.0025420327011,15.1159894293309,1.987936893760815,7.478483284903558,-0.033782803409724456,1.1145255570212969,1.6949576136233002,30,4.0,0.9381666077882993
6,1,2,1,2,7.06909392864729,75.3681320078239,29.618368442068267,20.84883357065562,0.03874325886544464,2.01826091220963,4.171034114681298,68,1.0,0.9865054917073084
6,1,2,1,3,-5.22275773324894,32.8074084755898,15.365678984384939,13.027549146911356,-0.01567997900321981,0.9413546586611181,2.0844733562149402,38,1.0,0.9915549087556761
6,1,2,2,1,-15.1306722797266,10.9271492595266,0.13155642828893335,7.108364207278248,-0.00800881218112548,1.0153301626244993,1.5108296025544004,26,4.0,0.9381666077882993
6,1,2,2,2,10.5188290635493,77.065570493973,30.541224263555264,21.54478200585761,-0.01159650085013565,1.980318245842728,4.214461258898197,67,1.0,0.9865054917073084
6,1,2,2,3,-3.40049175729362,33.9642879387378,16.253253535339425,12.359186790713178,-0.015419636666016819,0.9021951954281626,1.9716303901069496,37,1.0,0.9915549087556761
6,1,3,1,1,-12.3370965517424,14.4525643840492,2.6701337417271005,6.812538651922529,0.01986515897328917,1.034092719203612,1.7046032635490507,27,-1.0,0.9711795666849208
6,1,3,1,2,6.76646380513562,75.559723069719,29.75790290015652,20.456783175994502,-0.0383875638020305,2.0216790809029246,4.164445872187898,69,2.0,0.9862030255681922
6,1,3,1,3,-4.08020411345324,31.4000290736797,15.198372042915082,12.294654977254485,0.012474423221256432,0.8579033748649215,1.9404719694055004,35,-3.0,0.9918943122492144
6,1,3,2,1,-16.0681163569106,12.3288973329816,0.07540797258479727,7.30973541128994,0.006787440253481831,1.05981818178045,1.7005717730094005,28,-1.0,0.9711795666849208
6,1,3,2,2,9.86068589474219,76.9738230769046,30.059267241212993,21.706989090750525,0.01614852343,1.9545107710853298,4.182068776884698,67,2.0,0.9862030255681922
6,1,3,2,3,-2.65771891644928,34.9881908168747,16.154437249237752,12.568906894439266,0.008146347160622788,0.8932711089646421,2.0492734344657793,38,-3.0,0.9918943122492144
6,1,4,1,1,-11.0487456235328,16.6382030852032,3.1135401616729297,7.082533822169362,-0.01933212370978541,1.0499129257576938,1.4107804118939304,28,0.0,0.9189615024490448
6,1,4,1,2,6.66124888893784,75.7866262959121,28.800978220484858,21.174386791731596,-0.000557440810989308,2.124054627715719,4.2037052107392014,69,5.0,0.9942346664233533
6,1,4,1,3,-6.11117897883557,32.0747236969082,15.12014109215771,13.063642543444091,-0.013795818373138586,0.9600807340493928,2.1654809873894703,38,2.0,0.9834679763863825
6,1,4,2,1,-15.1280745985024,13.1908193928233,1.2308363883587612,7.467341314362126,-0.01870388575402537,1.0257925459187398,1.6657056726521997,28,0.0,0.9189615024490448
6,1,4,2,2,11.2535297024585,75.7028723582625,31.121658828526062,20.55116565526333,-0.004928942214370282,1.9294887257080973,3.997225536653005,64,5.0,0.9942346664233533
6,1,4,2,3,-3.75505616061578,32.1044590487952,14.818771806887922,12.17691669914538,-0.007464198601924768,0.856988220387517,1.8639168622356506,36,2.0,0.9834679763863825
6,1,5,1,1,-12.8858032219994,14.3959190498537,2.238880543045112,6.982239828552954,0.00357599351177228,1.0631655777537534,1.55231629308215,27,-2.0,0.9635056709741395
6,1,5,1,2,6.73328935482027,74.5166428539658,29.347363281098012,20.604105848688384,0.008672647697656232,2.0413095938856847,4.2504710678718,68,2.0,0.9873005952674264
6,1,5,1,3,-6.27603143802587,32.5077703685659,13.940151606849227,13.604596110349625,0.005003742600947525,0.9510582828386126,2.16773721764529,39,3.0,0.9959224955332614
6,1,5,2,1,-17.6847299139781,11.5023147973377,-0.8507355200842316,7.9679541921875625,-0.03250116652630981,1.0625502680904704,1.6295208405174986,29,-2.0,0.9635056709741395
6,1,5,2,2,10.7647466364686,76.3396430940329,31.044262871712853,21.108984265620034,0.0069942456136653395,1.9089129070900719,4.086389805438799,66,2.0,0.9873005952674264
6,1,5,2,3,-4.78067699098808,31.085973181228,14.52832829997681,11.81833016626517,-0.006321401817097009,0.8463940787903408,1.91247628927922,36,3.0,0.9959224955332614
6,1,6,1,1,-11.114902185606,14.0741385992796,2.727801306071251,6.819539905294137,-0.017232642859775247,1.009959149151938,1.4311758749895205,25,-1.0,0.9833074413732298
6,1,6,1,2,6.77175011236199,73.7588840374315,29.48975395271494,20.16639092178905,-0.006137229067971091,2.008292676508278,4.088493130098698,67,3.0,0.9883893733928307
6,1,6,1,3,-6.04859372227031,30.9017006001352,14.281693065912116,12.792998963058576,-0.00785055777503267,0.9058114557484583,2.0465658960157196,37,2.0,0.9949774046680371
6,1,6,2,1,-13.7971925145126,11.7656419213318,0.0989454120405221,6.903835953007359,0.01625131499180327,1.0045929094340664,1.2872619764793694,26,-1.0,0.9833074413732298
6,1,6,2,2,10.6827672008867,74.8728248231313,29.67135941919699,20.846602999659737,-0.00012069619226633916,1.903774298779958,4.094279224982401,64,3.0,0.9883893733928307
6,1,6,2,3,-3.73024269808667,31.1440091623785,14.847693689095463,11.622030632145366,0.00353990693840591,0.8289882972107202,1.9083840384690607,35,2.0,0.9949774046680371
6,1,7,1,1,-11.5905600533365,13.6378906387804,2.0048138296852973,6.382964710190382,0.013475424514739404,0.9538493300489855,1.4712489140748701,25,-1.0,0.9693812457875555
6,1,7,1,2,6.74661549099313,74.884978998585,29.091587745052948,20.987229912666617,0.01342695599378099,2.0062641928074636,4.1678734219701,68,5.0,0.9949332629941352
6,1,7,1,3,-4.95762225464269,31.4623450395996,14.896878155545018,12.447079656479783,-0.010632062785287107,0.9009310085362838,1.98518648883445,36,-1.0,0.9910992370527101
6,1,7,2,1,-14.8726125095715,10.968131652212,0.9214603865845767,6.766560248773978,0.05064964270822079,0.9756820143553937,1.72697572682363,26,-1.0,0.9693812457875555
6,1,7,2,2,10.6692272647433,73.2017299910494,28.736320527760633,20.16055849605992,0.005486135132275234,1.8703360054146843,3.8389511028798964,63,5.0,0.9949332629941352
6,1,7,2,3,-4.32136277370273,32.9820276687328,14.733828130890737,12.543389036230328,0.023846604445491096,0.8684862203954784,1.8164467167995504,37,-1.0,0.9910992370527101
6,1,8,1,1,-13.5649261139432,15.274111578446,2.467021591520567,7.258423420473107,0.0073767679055834635,1.0572880170327374,1.7313715550597006,29,1.0,0.9516430380345003
6,1,8,1,2,7.65805599325739,75.0190145188986,29.492549453474666,20.973011436941047,-0.00367815937509396,1.974478278560551,3.923087353437701,67,4.0,0.985492161869099
6,1,8,1,3,-4.88797318550453,31.8764478144927,14.699405179858008,12.310978361613307,0.013574201883471316,0.8771296125985504,1.8854649911725199,37,0.0,0.9920487760417775
6,1,8,2,1,-16.6071150673246,11.5752384849323,1.3055857251391423,7.17421348537428,-0.01996313131846127,0.9930097740236699,1.7939722480263995,28,1.0,0.9516430380345003
6,1,8,2,2,11.5517694138199,74.3705502622553,30.958251719453862,20.085852902614022,0.0022349115915782265,1.917644566632105,3.7209332997119944,63,4.0,0.985492161869099
6,1,8,2,3,-4.1552368189381,33.1579768973642,15.554866012965713,12.59965681197679,-0.010898338944464323,0.888438217176627,1.78039214028904,37,0.0,0.9920487760417775
6,1,9,1,1,-10.8058975029533,15.0758728934333,2.8234348634790463,6.847521519135867,0.0049427606019549816,0.9578121090962713,1.207686057064059,26,1.0,0.9834142400106209
6,1,9,1,2,7.5508379358818,74.3434340487549,29.65552362856884,20.709249465740967,-0.00046825095266336575,1.9892127718878778,3.958753105628297,67,3.0,0.9940387818633668
6,1,9,1,3,-5.160241431862,32.3175100581334,14.909355919055237,12.699676393536663,0.011138888562732676,0.8923908220834658,2.0150068444695997,37,1.0,0.9961291806445759
6,1,9,2,1,-13.6409055583977,11.5241995703143,1.4973829663992602,6.5678496883919095,-0.00013800896081782435,0.9485379177172149,1.5608606414792998,25,1.0,0.9834142400106209
6,1,9,2,2,11.5079752625121,75.092458594414,31.08851916078974,20.015550965717456,-0.0007828421814217877,1.9142820398853673,3.9454658646214966,64,3.0,0.9940387818633668
6,1,9,2,3,-3.82512241732662,32.587862044158,15.102297829376806,12.541904038810898,0.01136153740050498,0.8706666437507442,1.8161868931133407,36,1.0,0.9961291806445759
6,1,10,1,1,-13.2278328375289,16.9346371043111,2.9089879545537767,7.804580829175742,-0.009103033777908588,1.0979841831188295,1.5543472242022496,30,3.0,0.9898548078361834
6,1,10,1,2,7.53339055027337,78.3093422869548,31.284086809390253,21.631182992759346,0.004215209153451287,2.083901734301419,4.329800947831103,71,7.0,0.9890564561606063
6,1,10,1,3,-3.83655785620787,35.3236569493624,16.13113854790358,12.78565924478053,-0.021145937101966335,0.9671094779808586,2.09324723277419,39,3.0,0.9873689111074831
6,1,10,2,1,-15.1819735229822,11.7702036623919,0.8364859588533575,7.072290546133147,-0.0061647022088086355,1.0729685063116374,1.6519637558259994,27,3.0,0.9898548078361834
6,1,10,2,2,10.092250558416,74.4594222616031,29.571011699023018,20.361853052461708,-0.011764326237741582,1.9620310727300339,4.0596076675413,64,7.0,0.9890564561606063
6,1,10,2,3,-3.63692288480158,32.0254118292978,15.313945149122707,12.007331653067343,-0.020793846556222784,0.8782470190935575,2.0233931991282805,36,3.0,0.9873689111074831
6,2,1,1,1,-10.4607968946559,15.2774235914384,2.7140802916353532,6.888348064051451,0.0018627920149975239,1.0217180157181158,1.6010999611017507,26,10.0,0.40084147349801114
6,2,1,1,2,6.12146652619973,73.1235850691012,27.354664624633855,20.20922293589864,0.006644524398587227,2.090486320543724,4.207995016647402,67,49.0,0.6250058602443288
6,2,1,1,3,-6.54754722096863,37.5778896092025,18.978087626465804,14.224570636549382,0.0018445439457821797,1.0784770327016326,2.1845387801681797,44,14.0,0.9492079337806686
6,2,1,2,1,-4.21804611658467,11.6677887012346,4.623994032790008,4.085116897659373,-0.016710789378065343,0.7341362409094578,1.2286296832729529,16,10.0,0.40084147349801114
6,2,1,2,2,8.93507751171193,27.1630221929252,18.311047405477897,4.723074783494383,-0.0010428687692098002,0.6047934493752378,1.5927810879499003,18,49.0,0.6250058602443288
6,2,1,2,3,-1.15606856208135,28.9298145985925,12.975475314574794,10.362862287907701,-0.005905237047820781,0.7170882828637732,1.417998555343699,30,14.0,0.9492079337806686
6,2,2,1,1,-11.8369549184145,13.821843448184,2.0626692530110127,6.803138048802527,-0.023170062496802615,1.0412311620867059,1.59011932598405,26,10.0,0.20844967004309461
6,2,2,1,2,6.45107800925523,72.4982759881831,26.72436124611194,20.376633362133706,0.009751266154550192,2.0250361787410696,4.196937700443499,66,47.0,0.3640697934019142
6,2,2,1,3,-6.80903410439503,36.209385628849,16.78970940678804,14.488937653627042,-0.013969368855380193,1.047168861916411,2.147542299881449,43,13.0,0.9701571557091759
6,2,2,2,1,-4.2865794491855,11.8238854421614,4.433688159282798,4.384680966739636,-0.004912005790418317,0.7232024440142798,1.147417682333298,16,10.0,0.20844967004309461
6,2,2,2,2,8.42186587787565,27.9002292124294,18.60375691305247,4.997992875411811,-0.005595183680380207,0.7241075977474931,2.0353194537564008,19,47.0,0.3640697934019142
6,2,2,2,3,-2.74437205789391,27.593666064557,12.5813393981928,10.55527223872643,-0.0035738475692188025,0.7079601586526642,1.3126726305946992,30,13.0,0.9701571557091759
6,2,3,1,1,-13.4192484080286,10.5747200645357,0.6373671915627497,6.273648110034204,0.017818006297221883,1.0029296742843516,1.6418694297160101,24,4.0,0.2528359139980609
6,2,3,1,2,6.01812483880435,76.0508024807288,26.208685330731228,22.51360150797833,0.007055199357038117,2.16794657286287,4.784986281813502,70,49.0,0.5151751033383205
6,2,3,1,3,-9.40768115224672,37.2175658742667,15.551917175424688,14.867590913694364,0.0033144596641396223,1.1087104804854457,2.2853963613869004,47,16.0,0.912827061913025
6,2,3,2,1,-10.0216013297376,10.3635994779841,2.482261183238944,5.3109466490746495,-0.008214223395891323,0.9513229178574141,1.7577929821643599,20,4.0,0.2528359139980609
6,2,3,2,2,6.9724513867592,27.5952016229883,17.833671783708635,5.4477784559693445,-0.014201273393220595,0.7302618335568462,2.010426641004999,21,49.0,0.5151751033383205
6,2,3,2,3,-3.09193736388159,28.1200797836253,11.822030438683099,10.87383180239427,0.008166104842054442,0.7585452465155454,1.5388363111672003,31,16.0,0.912827061913025
6,2,4,1,1,-10.1674784672561,14.2222755163557,2.1183271110676123,6.803948187976671,0.010330332256615208,0.985400993791886,1.2612978486875104,24,6.0,0.3213325139512908
6,2,4,1,2,7.04434388091753,74.3629645540681,26.569458971304368,21.658646672814342,0.007494893346501284,2.131365710398744,4.4466913076214,67,47.0,0.4401193751227592
6,2,4,1,3,-8.12785848372939,38.7192241994012,16.36690156821273,14.751268536894509,0.022130611916020813,1.0942527608372494,2.4150372448902493,47,14.0,0.9645499417678809
6,2,4,2,1,-7.30839251798803,10.7346776600511,3.088691499501082,5.258632721645981,-0.03318843977072465,0.8723702240049979,1.1536338317345902,18,6.0,0.3213325139512908
6,2,4,2,2,7.21875150336248,27.3302279271642,18.043055647536445,5.48292716727633,0.004084223563019011,0.8103308561980794,2.353449406315299,20,47.0,0.4401193751227592
6,2,4,2,3,-3.55711416164695,29.6727660255887,13.029034325633198,11.588869619927154,0.01780056556729801,0.7964485096104879,1.5221953295895005,33,14.0,0.9645499417678809
6,2,5,1,1,-10.9463776303704,15.6024914987832,2.551179686453997,7.4168663477215,-0.026192027607026516,1.0961217588747272,1.2326775282143005,27,10.0,0.3634237216001484
6,2,5,1,2,5.85733870093424,73.4528964175356,26.0010286385562,21.077161202831775,-0.01738407223234406,2.0956559063673446,4.4936222543393995,68,47.0,0.44593505956351315
6,2,5,1,3,-9.10255183938942,36.8869857932127,15.546411912063599,15.247128968684722,-0.004410885652475268,1.094171315714216,2.3924013246989393,46,14.0,0.9111900153519978
6,2,5,2,1,-6.03746225429144,11.3383128634573,3.335713831354532,4.766600632724032,0.02537345272147997,0.7655863366379494,1.366710887549673,17,10.0,0.3634237216001484
6,2,5,2,2,7.83827362865592,28.7064869133272,18.828451535464936,5.39383406171752,0.011680335557509509,0.8061854370401774,2.3874536837399987,21,47.0,0.44593505956351315
6,2,5,2,3,-1.54902251501485,30.6254224864306,13.838508349890182,11.038179542822762,-0.012440128660612879,0.7619257779438174,1.4748063160636011,32,14.0,0.9111900153519978
6,2,6,1,1,-10.9370157610153,15.1037014169223,2.130696656996907,7.396810289873391,0.0015167552767037643,1.0462728008776885,1.4153476660684898,26,10.0,0.4146382214328678
6,2,6,1,2,5.65451267863815,74.8368254871023,26.67585979731885,21.755021682821127,0.009520055359681295,2.1368124128848436,4.4004181922746,69,49.0,0.6419470458233595
6,2,6,1,3,-9.30532839972201,36.0921527205604,16.547946028447576,14.765195849354127,-0.017268782239294088,1.0941911084592828,2.2544690032617294,45,13.0,0.9360051658930032
6,2,6,2,1,-5.77699239324837,10.1082898167113,3.4375831067803597,4.532813264303385,0.018731146273058864,0.7820152904223284,1.4501124514973698,16,10.0,0.4146382214328678
6,2,6,2,2,8.34039447081051,28.289695364521,17.89716727517442,5.453655460174178,-0.0016947245438101025,0.8150024424126563,2.0749814853506976,20,49.0,0.6419470458233595
6,2,6,2,3,-3.32107305859389,28.9085160250206,12.823990251970947,11.186847822448982,0.0034698718738049475,0.7825015340406223,1.6070250020267007,32,13.0,0.9360051658930032
6,2,7,1,1,-11.9659813491241,14.167435774526,2.01679995624322,7.256730878451429,0.024155512479024137,1.0464019724594227,1.4277126335425798,26,11.0,0.355271902759627
6,2,7,1,2,6.16038182354295,74.3017430443371,26.32039391667914,21.778895350194155,0.011246523187290304,2.0675467025923164,4.458530050424599,68,47.0,0.4966030455890087
6,2,7,1,3,-8.79571339599277,37.6662053246072,16.25427893353791,14.74586614271266,0.021733584816726714,1.08444088514102,2.3358589875785913,46,13.0,0.933680766375763
6,2,7,2,1,-5.51243900177545,9.70366464806227,3.292150280590553,4.357617534991459,0.013381505698481587,0.774350327894589,1.29982031643994,15,11.0,0.355271902759627
6,2,7,2,2,7.4494007661459,28.4937901563525,18.058665459073705,5.278111156434445,-0.013808135034602877,0.7686353808901976,1.9890133629948998,21,47.0,0.4966030455890087
6,2,7,2,3,-2.82009464366532,30.0964702783305,13.190571594003305,11.432892844091343,0.009632168441014857,0.7910007403566047,1.5856490413552997,33,13.0,0.933680766375763
6,2,8,1,1,-10.8757716899017,15.3210870061239,3.097837465025999,7.243968928066141,0.002761277641716501,1.0667683178854404,1.5617657982958706,26,8.0,0.06888625032696381
6,2,8,1,2,7.01825773954616,74.561754823499,26.349098372159826,21.05956176647971,0.004671658477401981,2.1100593551106073,4.569619947229199,68,46.0,0.5074049691264118
6,2,8,1,3,-8.59345820445357,36.6981259926348,16.49952170802599,14.644718503986379,-0.011984547673743556,1.1041099351085293,2.3791111357770003,45,12.0,0.9434806881540231
6,2,8,2,1,-5.85095488366924,11.8987956144131,3.715709519712673,4.623700856201128,-0.01962318467799391,0.8702952067027937,1.8138613575007883,18,8.0,0.06888625032696381
6,2,8,2,2,7.90149099289675,30.3063653978173,18.928465869122018,5.8866045960928,0.00034080060474208176,0.8946122758133588,2.4586516591676,22,46.0,0.5074049691264118
6,2,8,2,3,-3.17839637305416,29.939490127663,13.419726828323167,11.540852481419801,-0.00048079003166634493,0.8024452729780137,1.543989628082299,33,12.0,0.9434806881540231
6,2,9,1,1,-13.0859615761399,13.501337963057,1.7776422639584386,7.021485846038268,-0.017636711190182664,1.102212856698626,1.6522329733681893,27,9.0,0.31225746367590856
6,2,9,1,2,6.66316047963706,74.1042219339819,26.69351747139064,21.26789839260545,-0.007615807880861485,2.0882459746991,4.405158623788701,67,44.0,0.4923743655751945
6,2,9,1,3,-7.34730900624589,36.8966504664379,16.83002670510253,13.858579976711374,0.009672646406865338,1.048192424623815,2.2188743763293903,44,11.0,0.9171219817619958
6,2,9,2,1,-8.78575923131228,9.40141688315515,2.763851499302232,5.125068295976329,0.0019539539515927005,0.8867606247660365,1.6192089648280596,18,9.0,0.31225746367590856
6,2,9,2,2,7.81894506501093,30.7647856933196,19.938790018643534,5.764749249317629,-0.001546953015049509,0.8330215697855486,2.542711444261899,23,44.0,0.4923743655751945
6,2,9,2,3,-2.57860912818383,30.2758768870626,13.656792198708747,11.361200964960632,-0.008185214370510917,0.7822982746615824,1.474021903417901,33,11.0,0.9171219817619958
6,2,10,1,1,-13.073099449688,12.8941877052391,1.8040506877572648,6.877748610328283,0.009191996532152892,1.06997119215175,1.9199691992549903,26,8.0,0.17301714150516737
6,2,10,1,2,6.68653400818116,74.828284035774,26.702242598316957,21.355328572328784,0.026205123929522484,2.1165139942286224,4.485782961004702,68,47.0,0.42459467944167373
6,2,10,1,3,-7.43698525177873,36.8469875655988,16.865607090698887,14.098350180957391,-0.006259529541088098,1.0544494668292752,2.1107729458643196,44,14.0,0.9549971849451334
6,2,10,2,1,-8.32221233213077,10.1584448357034,2.859157632332726,4.856451421206608,0.00868778021815362,0.8501460396818111,1.6840803430052205,18,8.0,0.17301714150516737
6,2,10,2,2,6.46529555521336,27.9381433940652,19.01956582434155,5.5782763071261785,-0.008570098556067026,0.8080206225437034,2.3110010078612984,21,47.0,0.42459467944167373
6,2,10,2,3,-1.54020684405135,28.8627214812283,13.026617615649295,10.856869383259983,-0.004319846829081185,0.7573193034541852,1.4848086394567996,30,14.0,0.9549971849451334
6,3,1,1,1,-10.8038906043605,15.3176912179148,4.550276233209137,6.568713098486092,-0.0029870846663856408,0.9474621481618979,1.6267402748917803,26,20.0,0.8765535939359376
6,3,1,1,2,7.7783676490314,70.2021590605461,27.602240449261544,18.937273581501902,0.0006437102972546458,1.9023156341323102,3.8095522881575974,62,8.0,0.9471383128304218
6,3,1,1,3,-8.86850919883827,31.1892100750807,12.457234300887325,13.550558815632801,-0.007252008059863345,0.9689970142370218,1.9639858533528685,40,3.0,0.9791579157382012
6,3,1,2,1,-2.93127830479748,3.25207902931172,0.1729169125679847,2.031304677999075,0.005706837571351296,0.3399695343941773,0.6859361143152298,6,20.0,0.8765535939359376
6,3,1,2,2,9.19991711539114,63.6179821952351,27.304240656269254,17.601785464992943,-0.03905117765031781,1.766775328533218,3.938390136175798,54,8.0,0.9471383128304218
6,3,1,2,3,-6.48620909102881,30.5942382646215,15.115582356008883,13.03680473569906,-0.015970326251733682,0.9074602336923829,1.745673896871721,37,3.0,0.9791579157382012
6,3,2,1,1,-10.9004190652019,14.8774096464251,4.060524392767238,6.436671648769711,-0.018517859954284267,0.9598269846376661,1.582979007584501,26,19.0,0.8475105321425258
6,3,2,1,2,6.89811453812453,68.7131790168434,26.5956300376693,19.145438047802816,-0.008707626975927129,1.9391337552345749,3.779971612043198,62,8.0,0.9406952782775738
6,3,2,1,3,-9.7378388228177,32.2788203765094,11.469334765778738,14.07376209342239,0.011284487724862362,1.0073552256352614,2.079237373641516,42,3.0,0.9817817629076933
6,3,2,2,1,-3.47484167392703,3.96053832821898,0.8364852117380515,2.1890027590711596,0.0011813501110722181,0.3585637725981708,0.822304241849991,7,19.0,0.8475105321425258
6,3,2,2,2,8.89270726554533,63.0854963225241,26.966192269586422,17.91360572505569,-0.0028825740870297017,1.7672312007106474,3.6924512434551033,54,8.0,0.9406952782775738
6,3,2,2,3,-5.85666445829047,33.5886000881366,15.323927253567803,13.575237607947233,0.015537849732058405,0.9365251174615722,1.6684677162006905,39,3.0,0.9817817629076933
6,3,3,1,1,-13.8477539368327,13.4566356479566,3.6153620245305866,6.810707136509216,0.03180488783993202,1.012700505990662,1.9760324092329604,27,20.0,0.8289191320269085
6,3,3,1,2,6.87181025904591,69.5383959410327,27.506860787947176,18.61414182242521,0.010580136554326137,1.9874589305727577,3.8396287096541997,63,8.0,0.9381981056384211
6,3,3,1,3,-8.10318600662214,31.0054050851797,13.018575744139728,13.25174358411278,-0.016933487915479203,0.9952692074697098,2.2121398202234905,39,-1.0,0.9762912931223574
6,3,3,2,1,-4.01489754447474,2.97448901851393,0.35843681640891817,1.8810382356424877,0.010623606118660348,0.2953015111414116,0.56462368805683,7,20.0,0.8289191320269085
6,3,3,2,2,8.44872349031522,63.2445122692338,26.759560921291026,18.13696451718073,-0.005429298802427719,1.7671916441443944,3.8182628135177055,55,8.0,0.9381981056384211
6,3,3,2,3,-6.89415676884082,32.7776312090737,15.107089827894825,13.647811518603291,0.00017297385571386976,0.9518071828375578,1.650948430856578,40,-1.0,0.9762912931223574
6,3,4,1,1,-12.5356158610316,13.1093976724744,3.706363424081236,6.1086921646045775,-0.014648586177950994,0.9562647572321066,1.7202720986410007,26,20.0,0.9261015069954045
6,3,4,1,2,6.60318262215842,68.4083552623086,26.137493518942446,18.80094948584546,-0.014979322024104253,1.8876673742876375,3.786599175925197,62,5.0,0.9864166300531333
6,3,4,1,3,-8.68497216493792,30.1543818780978,12.01993694988447,13.158094771004901,0.007138185932959399,0.9534725723090052,2.05464753166401,39,-1.0,0.9849984982973814
6,3,4,2,1,-3.65082084141308,2.49628561217665,0.06731275846712659,1.8142047051006842,0.0015895972398237118,0.3353847306934996,0.5753733875811498,6,20.0,0.9261015069954045
6,3,4,2,2,8.36712083809197,65.0538362455407,27.479853757588998,18.445248736472777,0.01385063494504455,1.8174504838817926,3.951001115412204,57,5.0,0.9864166300531333
6,3,4,2,3,-5.71445109284592,33.9883040122753,15.071906685109616,13.768374400828808,0.002796657181975236,0.952396470610783,1.7282332670190002,40,-1.0,0.9849984982973814
6,3,5,1,1,-12.3681703888592,12.834383946429,3.604162283646472,6.276264313541778,0.006894360364884063,0.966245286043549,1.8164423567702999,25,18.0,0.8693954739907233
6,3,5,1,2,6.58681568267201,70.7826235279866,27.50069775187462,19.583492913537103,0.011737413880322475,1.9586618396514186,3.8860655868693996,64,11.0,0.9681512416877437
6,3,5,1,3,-9.88139568569438,33.3804672844995,12.782220140849052,14.493996941378926,0.028172603392502004,1.0123229654244779,2.1202095078424605,43,1.0,0.9822404899953212
6,3,5,2,1,-3.23461160486048,3.29982627121965,0.4070005592982247,1.862456814500056,-0.0013196092854524635,0.3222511636238215,0.509541783405091,7,18.0,0.8693954739907233
6,3,5,2,2,9.25876526785719,62.1864139307575,26.172631107145058,17.81427176042155,0.02183456751289386,1.7207897183974137,3.609687145389202,53,11.0,0.9681512416877437
6,3,5,2,3,-6.56455313619117,35.4966164567691,14.381366490869324,14.099184211303712,0.007443567010289115,0.97583707149155,1.7172431521812008,42,1.0,0.9822404899953212
6,3,6,1,1,-12.7672258658608,12.9340717550537,3.267323741151588,6.361105416714444,-0.014460437386941782,0.9594450833645364,1.5775179608887804,26,20.0,0.858456143077973
6,3,6,1,2,7.31213558518462,70.3053241021732,26.266225269484227,19.644535611900967,-0.003979615803158021,2.002958773235781,3.9964978036747,63,8.0,0.9326162236867206
6,3,6,1,3,-9.09887214229508,31.859743605046,12.949105970467714,13.736131104674469,-0.03438988295526435,1.0325850221157546,2.28242254452461,41,2.0,0.9546053481394412
6,3,6,2,1,-3.15104827755425,3.00053714529857,0.33993573245744463,1.816988817215682,-0.003122618925102043,0.2858286339814429,0.605414815783865,6,20.0,0.858456143077973
6,3,6,2,2,9.04224058265789,63.6942862036398,25.91721391555858,18.28895291482419,-0.0240459749626803,1.7582040702863075,3.897550517222399,55,8.0,0.9326162236867206
6,3,6,2,3,-6.03354980218184,33.1761701232607,15.443439531830437,13.372032907621051,-0.0015721801354762332,0.9207528461155473,1.8657736558876103,39,2.0,0.9546053481394412
6,3,7,1,1,-11.3842445649157,14.3292301287504,3.487176354428483,6.4546368787253385,-0.010613236592403446,0.9501978041930967,1.5634440494856605,26,20.0,0.927077748813411
6,3,7,1,2,7.11307105822198,68.7996473664339,26.368709699866034,19.202990678088163,-0.001240546953932282,1.8519739604989045,3.759057809630299,62,6.0,0.9807553850329125
6,3,7,1,3,-8.92470471660858,29.8202084620917,12.515076511306921,13.182216385467003,0.03099354876947626,0.9322034036959814,2.0104395126697803,39,-2.0,0.9910327287470077
6,3,7,2,1,-3.16244006772031,2.96423798080135,0.18801230467091998,1.6685228676386599,-0.004184425256209921,0.300627756619441,0.56225764644441,6,20.0,0.927077748813411
6,3,7,2,2,8.99035901683424,65.1872696698315,27.726125896686327,18.18095744184629,0.008563842851602476,1.797867244696968,3.8758166267719005,56,6.0,0.9807553850329125
6,3,7,2,3,-6.29457931375361,34.5575885244225,15.129538684908008,13.953251321710345,-0.005783170174820802,0.9692124133187697,1.8521382860149904,41,-2.0,0.9910327287470077
6,3,8,1,1,-14.2518321096892,11.6326207733551,3.1619184364760318,6.525520573576522,0.03193792461769566,1.018216388621352,1.9622614834493692,26,20.0,0.8194606748424224
6,3,8,1,2,7.13975583152891,69.7298674123875,27.5196867530052,18.87771509735995,0.017079202342571286,1.9446608771739753,3.7628818451382955,63,10.0,0.9672828468547658
6,3,8,1,3,-8.0490342978081,30.9070302815569,13.400600052626322,13.676440626386121,-0.02167490432435445,0.9749475683401753,2.0094553638528696,39,1.0,0.9736831662762245
6,3,8,2,1,-2.47355984821273,3.42530038220591,0.679959707807986,1.536604467985304,0.012658146827118404,0.22704120374425657,0.35487163302881797,6,20.0,0.8194606748424224
6,3,8,2,2,8.91744312481688,62.1324257420486,25.660142584565264,17.94938226908574,0.010341594127845544,1.7281070324400771,3.8363404745292016,53,10.0,0.9672828468547658
6,3,8,2,3,-5.09048474466565,32.7045109471303,15.17858252373361,12.773936060899521,0.014647812588516806,0.8928887718870953,1.6400528310992297,38,1.0,0.9736831662762245
6,3,9,1,1,-9.51365951449077,15.7081166184341,5.049343224167223,6.409266845078137,-0.0026137774504035663,0.8955434993770931,1.4134949226218296,25,19.0,0.9344524598076644
6,3,9,1,2,7.39598836492495,70.4108309404096,26.84389095620145,19.483580405817435,-0.013902526331722672,1.972405829531848,3.9121590676883002,63,8.0,0.9695455734517385
6,3,9,1,3,-10.6109905800807,32.3742857309632,11.83984252933952,14.159180372230999,0.016184489319433677,1.0197450504187608,2.10292487784574,43,5.0,0.9867517617976616
6,3,9,2,1,-3.1104769534657,2.76615119274777,0.27790253114943053,1.652889707020832,-0.004904792010735386,0.29041726605396745,0.6126083924437129,6,19.0,0.9344524598076644
6,3,9,2,2,7.9225243806512,63.3364546681623,26.85001291642542,17.452815317305845,-0.025859482200943574,1.79605290892912,3.8695318420401037,55,8.0,0.9695455734517385
6,3,9,2,3,-4.50246266903215,33.5266389570804,16.56535187653091,12.955049773692082,-0.016078770107956435,0.9100959587731606,1.6318556133513298,38,5.0,0.9867517617976616
6,3,10,1,1,-15.8162597158713,14.5806905195583,3.2172156440183524,7.396251694840263,-0.021115205949786928,1.101337149983972,1.8957018952241995,30,23.0,0.8637922542008343
6,3,10,1,2,7.23004104533896,69.1806866573132,26.831871220139792,19.109850587933217,-0.0007867819169877249,1.9565584660198958,3.8369791007256993,62,4.0,0.9464229849200833
6,3,10,1,3,-8.90983932952877,33.0155875470651,12.915128423734854,14.171579198724285,-0.001959416958216827,1.0298534274077282,2.245302379724173,42,6.0,0.9836515169980345
6,3,10,2,1,-4.52902561621536,2.91424690221728,-0.045983328632914586,2.0935503972556657,-0.0029072950960172855,0.37555476031307805,0.7101506777027398,7,23.0,0.8637922542008343
6,3,10,2,2,7.81821774223863,65.3646187994773,27.184307458917598,18.407165014188788,0.005737883238263767,1.8501738213147687,3.9406154456463014,58,4.0,0.9464229849200833
6,3,10,2,3,-4.57164205944547,31.1923966431593,15.892516445564775,12.685624454778772,-0.002179453308614884,0.882362591366137,1.64005029616205,36,6.0,0.9836515169980345
7,1,1,1,1,-15.0630406321817,14.5578347921379,6.175278424904195,7.514308550838507,0.018770952782618904,1.0523640164800603,2.0430914095025408,30,10.0,0.8333129320162389
7,1,1,1,2,5.49897331787362,73.4339887332098,29.007468446467676,21.33051000509346,0.01379479402565119,2.0506432673579877,3.5676647040838034,68,6.0,0.9851056672793792
7,1,1,1,3,-11.7571395027414,25.0882557733178,7.386967889287301,11.986373792023642,0.002977267321286116,0.8737720862504293,1.7678623167451852,37,4.0,0.9921087533194132
7,1,1,2,1,-5.59086575566257,14.1802044652644,5.842221878394061,5.275727577394104,0.0058978704478007,0.7756783261490898,1.3448425076206902,20,10.0,0.8333129320162389
7,1,1,2,2,8.43218202545024,70.4645310170135,29.22439171831461,19.106085843611922,0.013203050141407614,1.8275305878832455,3.5957944552488996,62,6.0,0.9851056672793792
7,1,1,2,3,-9.52321535731529,23.7356285143284,7.947505083225118,11.314506882609944,0.009413868294353438,0.807845383948405,1.7631349141541,33,4.0,0.9921087533194132
7,1,2,1,1,-13.563319190249,12.9707511486106,5.655988036501607,6.514176833518062,-0.022931123477042882,0.9905816235476398,1.9091025853106904,27,8.0,0.8310838306498107
7,1,2,1,2,4.93841047213087,71.994035630064,26.996071271283007,21.745570841171595,-0.018090138061853268,2.060695499856341,3.636402136636498,67,7.0,0.9884031645836272
7,1,2,1,3,-11.6743032250674,23.8455597002257,6.839619237568425,11.771308139283969,-0.0037898644436495208,0.8441169440146035,1.8121403536344762,36,4.0,0.9970770752514293
7,1,2,2,1,-6.03986562930831,12.5628132669062,5.726445531481579,5.005605001179539,-0.001456101612956536,0.7396735170652959,1.39668475153683,19,8.0,0.8310838306498107
7,1,2,2,2,8.5962170917813,68.5045373335503,29.892655494228432,18.10504742140807,-0.01142912460887634,1.780706024399699,3.321707509119598,60,7.0,0.9884031645836272
7,1,2,2,3,-10.0094897207604,22.2888144464326,7.521773138344896,11.435306785912067,0.0023784412807386144,0.7830451008787586,1.605192818109046,32,4.0,0.9970770752514293
7,1,3,1,1,-11.9094593071182,14.854076329864,6.52289750702967,6.595257025965991,0.00011457183817317449,0.9582220757677986,1.8447388716397093,27,7.0,0.8962716452770499
7,1,3,1,2,4.90962533752718,71.9931984464792,28.57447778883645,21.196984957482474,0.01708098247395951,2.0170286888761377,3.468476435714905,67,7.0,0.9852537558084747
7,1,3,1,3,-11.8344402457323,23.1806065558034,6.829590675358059,11.69481968490173,0.004392378298364346,0.824629098376659,1.666009771955502,35,4.0,0.9946109744774834
7,1,3,2,1,-5.72605084417925,13.9744873979012,5.857143203132489,5.082678726035485,-0.00856302727270129,0.740121199762346,1.3663473332269118,20,7.0,0.8962716452770499
7,1,3,2,2,8.50310926313985,68.0922733208435,28.330458108383404,18.221278175810806,0.0179529476477104,1.7477737931769748,3.5011969883119036,60,7.0,0.9852537558084747
7,1,3,2,3,-9.02536343108308,22.0820648770481,7.778509577069169,11.082955792429255,0.0052799302044683,0.7688312196712289,1.663679334900972,31,4.0,0.9946109744774834
7,1,4,1,1,-12.4661456620088,14.2184890002261,5.82528644865436,6.9658652448938145,-0.011193319899707125,0.9315036392825112,1.4196858938915495,27,7.0,0.8965862812900689
7,1,4,1,2,4.59816324416939,73.1311586546924,29.014415077228094,21.426750338570727,-0.019746525743870688,2.079758587254837,3.6355308552832,69,11.0,0.9932909231675294
7,1,4,1,3,-11.728299593054,23.560479332411,7.334535229315126,11.706105044764469,0.00374450995095842,0.8312427454315492,1.7129176777193549,35,2.0,0.9934314928963152
7,1,4,2,1,-5.80345079112047,14.274786897567,6.316500151101132,5.117273745143884,0.020207100752483265,0.7577779895304172,1.4346366388556397,20,7.0,0.8965862812900689
7,1,4,2,2,10.38761288293,68.491367122995,29.77092035777776,17.789830592917085,0.047742839437422774,1.715427134318382,3.4085489602330057,58,11.0,0.9932909231675294
7,1,4,2,3,-10.067290997641,23.2774622685386,7.902096907192887,11.956631208166252,0.022039641989846565,0.8097589942807147,1.6293564596053451,33,2.0,0.9934314928963152
7,1,5,1,1,-9.42870680469824,15.9735015958168,6.077101992924178,6.144978992465387,0.006537612219219799,0.9069656282147416,1.4411717297427895,25,3.0,0.9669379278432931
7,1,5,1,2,4.57378486207483,73.4404374918445,28.051357472037726,22.44343729143275,0.0015557824237685182,2.101744885812924,3.5485511345747014,69,12.0,0.9914624860445275
7,1,5,1,3,-11.5137265614564,24.6369697521545,7.493165627729098,12.101943960735932,-0.0052568763173286865,0.8680598633320206,1.736080991201662,36,2.0,0.9952696656352215
7,1,5,2,1,-7.05661397689469,15.009111730978,6.498428169156965,5.609448556340857,-0.011538114420675252,0.8202003134796315,1.4247376074027,22,3.0,0.9669379278432931
7,1,5,2,2,14.0401869660525,70.5737032654166,30.652289971717195,18.491871222155062,-0.010982792629231677,1.7853242098790878,3.559062212399901,57,12.0,0.9914624860445275
7,1,5,2,3,-9.89403892900631,24.544802953417,8.213220905732783,12.343914437539082,-0.003812219375793075,0.8345674681849001,1.722997169986572,34,2.0,0.9952696656352215
7,1,6,1,1,-10.2851687098314,12.304060015396,6.407726777744165,5.95367480148015,0.0012797046129759497,0.8536968956488786,1.6149754088183403,23,2.0,0.9158469715451703
7,1,6,1,2,4.59349046736324,74.4556900560049,29.913105885432085,21.522495610307224,0.03499573123784089,2.0342671245918424,3.5730817995623028,70,13.0,0.9813968426820883
7,1,6,1,3,-11.3434704225461,24.2795712385965,7.437156416583391,11.768824701013271,0.006024745584401005,0.8349245576724943,1.5949421646859938,36,3.0,0.9929433466020073
7,1,6,2,1,-6.50011694306175,14.4769093791345,6.619684978003703,5.2528241315946795,0.01669899136314337,0.8001665824161255,1.5971529701837899,21,2.0,0.9158469715451703
7,1,6,2,2,14.0249907553619,70.5624476634842,30.733107832108466,17.966241147538426,0.015061647276935639,1.7700154287893595,3.6569320676790014,57,13.0,0.9813968426820883
7,1,6,2,3,-9.73176155531036,23.1655292202781,8.231668319822395,11.71630711825242,-0.008974773508769287,0.8116546255828035,1.7324648050378042,33,3.0,0.9929433466020073
7,1,7,1,1,-15.0295535176675,12.3855413090201,5.48907847595013,7.014308032796031,0.014070391468170304,0.987438545074699,2.080612460559749,27,6.0,0.8287126318373571
7,1,7,1,2,3.85263438599216,70.2191974793277,27.421886529514474,21.123233673671887,-0.04159353131279991,1.9916830223647968,3.385169975924697,66,7.0,0.9875829940664098
7,1,7,1,3,-11.5485732477308,22.9273496899921,6.534172740670396,11.644151079258267,-0.017329588979027723,0.8172843622011913,1.5496426077826317,34,0.0,0.9980329148127558
7,1,7,2,1,-4.79925160059663,16.0780266692722,7.236930368252501,5.622945804818087,-0.00935900800130188,0.7633238292919539,1.14811067165897,21,6.0,0.8287126318373571
7,1,7,2,2,11.0028740779683,69.9776707856824,30.890656005148386,18.27411886160743,-0.04459696328248415,1.8194986764524212,3.5393971256342027,59,7.0,0.9875829940664098
7,1,7,2,3,-10.1868995799592,23.4283152310278,7.998987543257186,11.664742151193765,-0.02325625845367328,0.8219092451769291,1.6880255212554638,34,0.0,0.9980329148127558
7,1,8,1,1,-8.93796708646276,15.3166139850608,7.829992071232991,5.661887465664113,0.008603411801663572,0.9439833714659958,2.0240086282608303,24,1.0,0.9158916657530916
7,1,8,1,2,3.77881783027341,73.5529441027504,28.009655227608018,22.328651738034193,0.024611010599719204,2.0970285375843134,3.627476330917901,70,10.0,0.9863023961225481
7,1,8,1,3,-12.4169756602714,26.0811369898671,6.952126411834016,12.466732689731646,0.01984899863967128,0.8834392538262398,1.737861560788768,38,6.0,0.9912036234239591
7,1,8,2,1,-10.2015678411121,12.8617292205163,4.731267730796644,5.607153779070763,-0.014572812768555649,0.8517373699103415,1.7119416789806294,23,1.0,0.9158916657530916
7,1,8,2,2,9.52224097806844,69.8198990909358,29.286819236157875,18.829024585510233,-0.014470886758768913,1.8009341287078524,3.404161224437601,60,10.0,0.9863023961225481
7,1,8,2,3,-8.90748573793771,22.7150299848098,7.025223775876732,11.00885466598642,0.013975205313348503,0.7620064702926637,1.6893477738018858,32,6.0,0.9912036234239591
7,1,9,1,1,-12.3381361626795,13.9468712154383,6.829428031043254,6.545341810125178,-0.010945782002891181,0.9835138613834921,2.0025111693397095,26,5.0,0.9024408081347698
7,1,9,1,2,6.16736405128228,72.9409553072288,28.629451881574653,21.538403162505055,0.009718359843581584,2.0136833198214097,3.5509484999064043,67,5.0,0.9925605279522863
7,1,9,1,3,-12.0424093123373,25.0719151100626,7.0696046458266055,12.084655062901508,-0.0067926218017376385,0.8657240465542791,1.7749341736320399,37,6.0,0.9956949897690585
7,1,9,2,1,-9.35596796864214,12.1273023591996,4.937034913123331,5.699438707632737,0.0019405703205460337,0.8430799818502192,1.6131939147454304,21,5.0,0.9024408081347698
7,1,9,2,2,9.52209996829883,71.5999811784285,29.784437779108497,19.24485637240749,0.0011860159210803876,1.9064445883688808,3.695429399543798,62,5.0,0.9925605279522863
7,1,9,2,3,-8.35755775077538,23.1241156576566,8.751236514714632,10.88797987315193,-0.009222369646466356,0.7854177467358584,1.751127363195613,31,6.0,0.9956949897690585
7,1,10,1,1,-10.4637739110686,13.2810272731012,6.833228036994114,5.7834670322935775,-0.005889775054820205,0.9350001162529017,1.8685563931096594,24,1.0,0.8898866616005778
7,1,10,1,2,7.01444534730861,74.5523201020799,29.287530836463027,22.154485615738277,0.016024189595097528,2.024008763389277,3.522810329456796,68,6.0,0.9912341965099467
7,1,10,1,3,-10.4008060657846,24.8828846318959,6.991647526273095,11.964186385018934,0.00433828130159604,0.8275033362644495,1.658928989056514,35,3.0,0.9975248776859549
7,1,10,2,1,-8.05370051542415,14.5749716369349,5.137888269983134,5.784039381275423,0.013281390319549906,0.8097736043852128,1.2443425559201904,23,1.0,0.8898866616005778
7,1,10,2,2,9.05721906871851,71.484202998045,29.252034449399854,20.25078569704914,-0.0052025519360098,1.8573072285435923,3.4635302015052005,62,6.0,0.9912341965099467
7,1,10,2,3,-9.32750008124899,22.4742430062311,7.295049305761163,11.01558501563169,-0.0025570677893544725,0.7553115046709985,1.61773479436814,32,3.0,0.9975248776859549
7,2,1,1,1,-16.1760902773835,11.5487484971809,5.105000695607059,7.005702920785795,0.0037351247900871327,1.0789904945894904,2.412394663124801,28,13.0,0.19766796520325502
7,2,1,1,2,2.11884721006161,69.0622577537698,24.357607727856514,21.139923898024826,-0.026339376431969697,2.0337948186761667,3.906228218484003,67,37.0,0.5668211576114984
7,2,1,1,3,-8.26220087631359,28.6405379759418,11.663473134244198,11.785191290206228,0.029195055741987157,0.8549614000578277,1.931423059861723,37,7.0,0.9714790591284848
7,2,1,2,1,-2.14081033637012,13.2294283614307,6.83056498895836,4.119388065141252,0.025450164486663755,0.6844618011503644,1.08113286371178,15,13.0,0.19766796520325502
7,2,1,2,2,2.91016073036313,32.688216281821,15.835390090328724,7.703926378416896,0.0074078148928545555,0.8139613956938426,1.9182355243122018,30,37.0,0.5668211576114984
7,2,1,2,3,-6.91735755157952,22.8873399434803,8.181656898653575,10.12830130199474,0.007304976925446527,0.6636225851739942,1.2867173028204988,30,7.0,0.9714790591284848
7,2,2,1,1,-17.7993393651386,12.2266218758261,4.610651271235694,7.661915674637542,0.006880614774427725,1.1569720002036856,2.644879659970309,30,15.0,-0.10615132563993011
7,2,2,1,2,1.63662977082831,68.0360289341066,22.85113239500968,22.14108739084417,0.02217572195224257,1.9201944000836528,3.5158102789539996,66,46.0,0.5851725557311356
7,2,2,1,3,-3.73126330954439,28.2770270329785,13.74612024295985,10.257803690581587,-0.001462193371320808,0.7487796677610322,1.6477963362134505,32,6.0,0.9505255967887838
7,2,2,2,1,-1.76313539531447,13.3664616721226,7.305431356414761,3.936067729686335,-0.01612961065056326,0.6966150342852757,1.2744461743037903,15,15.0,-0.10615132563993011
7,2,2,2,2,3.66233222480845,23.3296141936112,13.766731175302645,5.370306324821999,0.009526356011772076,0.6063634550375423,1.3054624865288993,20,46.0,0.5851725557311356
7,2,2,2,3,-2.91262587131839,23.0756849349069,8.98497544111343,8.782022134342292,0.012642031798597042,0.6031999739989039,1.0456729876760011,26,6.0,0.9505255967887838
7,2,3,1,1,-10.8147698743479,12.0544863803183,5.021512801564469,5.618230951062635,-0.016231964719239607,0.9065191358279994,1.6018526681073197,23,11.0,-0.20361233685734498
7,2,3,1,2,1.33503304103865,67.7976520743201,23.778532821927467,21.41874627184442,-0.026577770604064358,2.0001213804061515,3.6395232003458062,66,44.0,0.47371562898286046
7,2,3,1,3,-4.13598916307288,29.4195916195668,14.20483808872502,10.579682288226355,-0.015986717990443575,0.8011412912591573,1.6200009488279203,34,6.0,0.958180764737204
7,2,3,2,1,0.308491441905715,12.2312977189826,7.13292759052925,2.934957922570039,0.01790357037690495,0.5655429877749669,1.0806005611310994,12,11.0,-0.20361233685734498
7,2,3,2,2,4.09875163372398,25.8373364596097,15.615375753262299,5.855444250029976,-0.0074231517464440604,0.6965987205001711,1.509145426747601,22,44.0,0.47371562898286046
7,2,3,2,3,-4.63276902598963,23.6767579143712,9.446872837156274,9.716248819667678,-0.0016840619462534438,0.645642810293067,1.0995626020247506,28,6.0,0.958180764737204
7,2,4,1,1,-17.083751510441,10.5016853152221,4.223805604921077,7.130974437824319,-0.0006123434601504962,1.0499748181818989,2.289922000789881,28,13.0,-0.16205302387284484
7,2,4,1,2,1.38517438216288,67.8675719426547,25.40197626094501,20.441781245328045,0.020083979434516234,1.8981258045976201,3.457765715429197,66,41.0,0.715278385084494
7,2,4,1,3,-2.43470511453492,29.0612227100821,14.276906364503793,9.960919498558095,0.016325032998287144,0.7512214979336967,1.59189929814697,31,1.0,0.9610587305452176
7,2,4,2,1,-1.21809463823317,13.863186021295,6.795971978407182,3.6962622266802034,0.0015352566309504863,0.6630559906541179,1.3772748964612798,15,13.0,-0.16205302387284484
7,2,4,2,2,3.69838395161746,28.7280215593367,16.039419683758013,6.688523717236092,-0.0014660347117382145,0.7602540250729413,1.6627877019940023,25,41.0,0.715278385084494
7,2,4,2,3,-6.95098891982751,22.6269592594387,7.887915558098358,9.958709811784368,-0.0007882850069712929,0.6856983564175317,1.2380002554158,30,1.0,0.9610587305452176
7,2,5,1,1,-13.6102666396417,10.4061331061525,4.176705232895413,5.9939692007315335,-0.01319022864205674,0.909285319919845,1.8026751564473091,24,11.0,-0.2178327335912168
7,2,5,1,2,3.32741081380076,68.146239321889,24.409346497200403,20.670320640332616,0.016007086815450784,2.009221368457644,3.897440685251297,65,41.0,0.6120965383526918
7,2,5,1,3,-6.00053468559633,30.6373685884735,14.178486287287965,11.82051394938452,0.004514203395501962,0.8777292108629466,1.82836721403297,37,11.0,0.9479388703700229
7,2,5,2,1,0.111034616297802,13.0609567420329,7.643279536711453,3.465602331703422,-0.011412742315044843,0.6310174833316012,1.26238828162401,13,11.0,-0.2178327335912168
7,2,5,2,2,4.10176182226274,27.6740086485657,15.476988669087612,6.379947977296232,0.00557703605518752,0.6912624027157278,1.5957339457801005,24,41.0,0.6120965383526918
7,2,5,2,3,-3.8217999263623,22.5007361113577,8.065358190116124,9.133111564119455,-0.005367644673487111,0.614791674532074,1.0904697472631995,26,11.0,0.9479388703700229
7,2,6,1,1,-14.0205993281238,10.498330388889,4.703551052011085,6.43860484599139,0.015059315280909898,0.9670593733803602,1.9355918057217005,25,13.0,-0.329146049590905
7,2,6,1,2,4.88355788047793,68.673105653421,24.4799947768759,21.253463002088143,0.0009072462121033675,1.9610020020230137,3.6058853101555,64,41.0,0.5555290077531576
7,2,6,1,3,-3.59775363060967,29.5598546218993,14.732315491123817,10.970604885193984,-0.01453519653012377,0.8109615842252205,1.6182253678093899,33,5.0,0.9514688016311752
7,2,6,2,1,0.0484206191982216,12.4407952602133,7.1195388558576,3.2240516599546427,-0.008227171623684056,0.6042402190101828,1.1706724070754406,12,13.0,-0.329146049590905
7,2,6,2,2,3.60937930024749,26.3755611380211,15.530414628580028,5.885567118938495,-0.011503380545608415,0.6397529586091256,1.3885005903545,23,41.0,0.5555290077531576
7,2,6,2,3,-3.48717566453973,24.7928087498782,9.811235870396787,9.474579435624465,0.022496167212404973,0.6109015978666746,1.0896283157469,28,5.0,0.9514688016311752
7,2,7,1,1,-15.9386555799549,10.4343363676407,4.271043651909408,7.0255144942435495,-0.0034570439698336634,1.0137894805196612,1.9687837285980994,26,11.0,0.21830859243199344
7,2,7,1,2,4.257611052124,68.0402049495031,25.052567808174878,20.10274880285144,-0.006418351235604851,1.9409021893323293,3.7434420176186975,64,38.0,0.7301203475989049
7,2,7,1,3,-6.35161777573886,27.5364150633551,12.858703235309692,11.092726367063555,-0.007401256979633645,0.8231514740366512,1.816982267386714,34,3.0,0.9523666787234927
7,2,7,2,1,-2.7950530540332,12.0610897167872,5.981029242086012,3.7031638468759915,0.01799521332104882,0.655147205336308,1.2730152742385878,15,11.0,0.21830859243199344
7,2,7,2,2,3.69361839329509,29.4311432697588,16.497311425693777,6.748523702011596,0.00577985263801624,0.766462947953842,1.4694495851934022,26,38.0,0.7301203475989049
7,2,7,2,3,-6.80909685137092,24.053834820775,8.240010850757043,10.33906040550262,-0.011592360119887112,0.6912431395510158,1.3580856176753997,31,3.0,0.9523666787234927
7,2,8,1,1,-14.059971737151,10.9604159120276,4.619086967980938,6.4430354583200025,0.009611544451434252,0.9713761738185978,1.9344778293398104,25,11.0,-0.024809609863427822
7,2,8,1,2,2.83722811151738,67.7335895655484,24.34205201818687,20.758947680217872,-0.013369139401245548,1.9344094311707394,3.5988331773233,65,42.0,0.6365543955562044
7,2,8,1,3,-4.16290695465145,29.5030756732304,14.48293248350432,10.7115304940558,0.01716731195172773,0.8035527762866688,1.6630797679131604,34,4.0,0.9607451695151328
7,2,8,2,1,-2.09449127950717,12.3056045161546,6.187721196586064,3.5681781341520638,-0.012329219302891504,0.6740204808389112,1.301614715451078,14,11.0,-0.024809609863427822
7,2,8,2,2,3.79823543559027,26.6925017265749,15.474180722210553,5.894909054199071,-0.0014771372041956386,0.6897320501428773,1.6640140576742013,23,42.0,0.6365543955562044
7,2,8,2,3,-6.19200334829349,23.7645713401307,8.858671275473712,10.486913819446823,-0.00029943777192873247,0.689238992584635,1.3203961910179007,30,4.0,0.9607451695151328
7,2,9,1,1,-15.248279374665,11.4636363453089,4.361938505858247,6.592918849337312,0.005258473621920804,0.9785426387439393,2.0174817168304795,27,14.0,-0.16692935338567297
7,2,9,1,2,2.66563156684001,69.2783354398246,24.163231033916265,21.61699816274271,0.01589704416435852,2.009249257271742,3.849168864235402,67,43.0,0.588181564650916
7,2,9,1,3,-6.00870568193167,30.0681546314292,13.996001239751743,11.299566381948026,-0.004130255507576269,0.8534976512527573,1.7201233601300498,36,7.0,0.9478507350378164
7,2,9,2,1,-1.05290103355186,11.8708257592486,7.0571915858903,3.2192527836723857,0.014271450068514649,0.5920509976849262,0.9548760748511897,13,14.0,-0.16692935338567297
7,2,9,2,2,4.00384038185758,28.1543390107017,15.109039846729706,6.393576962865801,0.0008106026052913866,0.7374077971774076,1.8328658275278968,24,43.0,0.588181564650916
7,2,9,2,3,-4.27812012482684,24.6354148353736,9.144397882830388,9.479349649564561,0.019332569659875228,0.6375020958320777,1.133606961863201,29,7.0,0.9478507350378164
7,2,10,1,1,-10.5112008963923,14.2999929222811,5.574451865371998,5.84791061044333,0.02830759142196239,0.8628549994407252,1.54069989003494,25,12.0,0.00922029890522288
7,2,10,1,2,3.60243346538212,69.2276412915826,23.33587608272545,22.096722425825064,-0.004254664127779211,2.011667072191281,3.7813139228156984,66,40.0,0.6613323544026163
7,2,10,1,3,-4.50777721738516,30.7910702037591,13.80598639807402,11.13537607146377,-0.0009575825414990302,0.834516930535034,1.6951234165108704,35,6.0,0.9576138956112936
7,2,10,2,1,-1.20788127609199,11.6638914246869,6.730999489418378,3.363744572787529,-0.008534736730933067,0.6614683904998878,1.0708033967736799,13,12.0,0.00922029890522288
7,2,10,2,2,4.58336117858787,30.2187281718877,16.029529751060814,6.615613744977427,0.006730338260312374,0.7855809399915998,2.020076510736402,26,40.0,0.6613323544026163
7,2,10,2,3,-4.79683637857918,24.6097292046705,9.55195433719204,9.910227316528944,-0.012573857438425762,0.6753684690069733,1.1917858795558,29,6.0,0.9576138956112936
7,3,1,1,1,-22.4419273437059,7.45752982829344,0.9565494639329414,8.13559221145423,0.00122940677225703,1.0583966962431075,2.501043735376399,30,25.0,0.4486729663050352
7,3,1,1,2,7.78226810951512,68.6182538682121,25.47587703450516,20.8450573322208,-0.01570383760058009,1.8783813160199814,3.546039152872801,61,3.0,0.9765627245007339
7,3,1,1,3,-12.5869474889856,26.8391632243131,7.901607654583327,13.529877654122531,0.002424568242289108,0.9449583566309767,1.99587218484238,39,-1.0,0.988935051765179
7,3,1,2,1,-5.32182399433326,-0.283229437936963,-3.0763667535836534,1.4586242127873044,0.001892706135859904,0.21288180442111546,0.4574191780318202,5,25.0,0.4486729663050352
7,3,1,2,2,5.7978424551211,63.4856369147496,26.008723865992767,19.07825245815893,0.026980097530142556,1.7040743531308127,3.7687681227194005,58,3.0,0.9765627245007339
7,3,1,2,3,-12.2154381928249,28.0230974397002,7.836872522520084,13.518668025995282,0.020402616593010906,0.8910434046157072,1.7623493629451001,40,-1.0,0.988935051765179
7,3,2,1,1,-21.364789819677,7.83180598423448,1.1410708868314348,7.615160393882156,0.0014053184411085113,1.0448300181529788,2.3747622316574013,29,24.0,0.4284554844329022
7,3,2,1,2,5.54063239038784,68.9291200429687,23.849619462046252,21.86058854409384,-0.019947418020833763,1.971067394787944,3.5790500642980945,63,6.0,0.9709805378945345
7,3,2,1,3,-13.5051556742666,27.2298469443867,7.147607241694,13.669112952689659,-0.006957717883690081,0.962779575304211,1.9397077916269738,41,2.0,0.9933283538673056
7,3,2,2,1,-4.84929178491915,0.0553618018346428,-2.7149440828471882,1.4100650288370924,0.005951541811450992,0.19986222636725864,0.48033584110336003,5,24.0,0.4284554844329022
7,3,2,2,2,5.43324549997729,62.7506879825196,24.077590606399163,19.313965974094813,0.011375837609807893,1.7014404611443266,3.7975923615647993,57,6.0,0.9709805378945345
7,3,2,2,3,-13.0402655073784,26.3241363294903,6.933491995662279,13.652447059043627,-0.0024665132111514726,0.9171361961645266,1.8089197006815798,39,2.0,0.9933283538673056
7,3,3,1,1,-17.1008882621994,8.18344093759228,2.413435078518801,6.65903527486573,0.006057457457557523,0.9320684679369083,1.915683948446901,25,20.0,0.571717593014238
7,3,3,1,2,5.01949977976892,70.2598423778189,25.072142757678836,22.079631894667877,0.02486254944137961,1.9751324583972976,3.660549777689397,65,6.0,0.9786718701411412
7,3,3,1,3,-12.6556414602086,26.7629465532909,8.499642597270292,13.49489505253516,0.0033132626180851403,0.9458640157504625,2.088397539128355,39,-2.0,0.9877669410144346
7,3,3,2,1,-5.10940451025649,-0.427508722608283,-3.0485587707025505,1.2824361126281056,-9.821088810395848e-05,0.1795245056401184,0.2853627861112198,5,20.0,0.571717593014238
7,3,3,2,2,4.37490126985583,63.0431759498189,24.6704583491894,19.012099982863642,-0.05523932038416237,1.789249187089629,3.8398077073529997,59,6.0,0.9786718701411412
7,3,3,2,3,-13.5009412155687,27.6564430128321,7.543657392810045,13.785843013232816,0.0050862950889802045,0.923824179491143,1.9310704996002803,41,-2.0,0.9877669410144346
7,3,4,1,1,-21.3292877266881,8.24801234993496,2.4345653057621366,8.034940876196544,-0.012871615133151389,1.094136499230736,2.3672722050489003,30,25.0,0.501537967836036
7,3,4,1,2,6.84815960555827,70.829245342121,25.85202091064718,22.343417619520075,0.0068868058346505,1.9548649062349828,3.8343135134736954,64,6.0,0.9663789220444676
7,3,4,1,3,-11.2945659813319,27.5544094858351,8.9086851476983,13.09884629044276,0.006366575831929707,0.9248319862956575,2.04614548737354,39,-2.0,0.9867021465243708
7,3,4,2,1,-4.98866643280206,0.0051837410822177,-2.868559812892284,1.4866581576346383,-0.0008366991772887141,0.22324553485622936,0.53134835368345,5,25.0,0.501537967836036
7,3,4,2,2,4.44873534981953,62.427465459376,23.52441271090417,19.350940025085524,0.04484475383878514,1.719313519101771,3.580597841700495,58,6.0,0.9663789220444676
7,3,4,2,3,-13.5482422080908,27.0200255450277,6.6666199299891264,13.815291800030945,-0.00840875001630296,0.918235693887837,1.6827621610135997,41,-2.0,0.9867021465243708
7,3,5,1,1,-22.6235243577958,8.68480015296356,1.3487120165469855,8.186157602764345,0.01745013724232069,1.1308966073587716,2.4946735504481996,31,26.0,0.5655380536870233
7,3,5,1,2,6.79651341205265,70.5797842364229,24.964631645175768,21.990014272412324,0.0008450405316065353,1.986267303747342,3.6765976807849015,64,6.0,0.9599644167458599
7,3,5,1,3,-13.6886022813065,28.6890469499618,8.064227033158406,14.079294730146888,-0.0032157494424029823,1.0040898571794432,2.093971230956334,42,1.0,0.9731971080620275
7,3,5,2,1,-4.93578673415238,-0.385647131970323,-2.951652124006555,1.304463659760453,0.002678058937747129,0.18540920397298494,0.39171599710187,5,26.0,0.5655380536870233
7,3,5,2,2,4.76560850611682,63.1304364533265,24.898974394317566,19.730668043652386,0.010912684892667323,1.7061590369909485,3.665128102278203,58,6.0,0.9599644167458599
7,3,5,2,3,-12.8060197305134,27.7962208256339,6.958002711621189,13.879688723595102,0.01295827155842576,0.915103806793174,1.7468971641540603,41,1.0,0.9731971080620275
7,3,6,1,1,-21.0557302750462,9.2016395224531,2.5297087873019746,7.913279397526572,-0.01889106296474743,1.1026940123760407,2.5501308461427996,30,25.0,0.5448734254138675
7,3,6,1,2,7.24255698444463,68.0653049447718,24.32754655575002,21.266817843001956,4.0134564361878166e-05,1.8715639751031519,3.6409080174815998,61,2.0,0.9735070247101558
7,3,6,1,3,-12.8766930223955,26.5370815320431,7.276578386416102,13.525818024939634,0.006157674314261373,0.930563236061566,1.989095879035422,39,-2.0,0.9961808286664717
7,3,6,2,1,-5.02724281700748,-0.405416326360294,-2.890452951902018,1.4294220219221905,-0.007275869358199805,0.1827549553293285,0.4061270454754098,5,25.0,0.5448734254138675
7,3,6,2,2,4.5336282670828,63.9782456315649,24.391764341510694,19.393044554965435,-0.06229440550805642,1.8455614316407394,3.9415675305052993,59,2.0,0.9735070247101558
7,3,6,2,3,-13.6239618611472,26.9681397273723,7.077651743721484,13.791454461590588,-0.021054856436165365,0.9351809584788529,1.8411495376237097,41,-2.0,0.9961808286664717
7,3,7,1,1,-25.0532363482254,7.98898554055909,0.32323287274259577,8.727284665067108,0.009962934499049409,1.1349774893947135,2.6506818104158008,33,28.0,0.49538040747364914
7,3,7,1,2,7.12121128636138,70.5900043711582,24.827824815092466,22.532144314764142,-0.0031900517358470254,1.9725904940127033,3.690569385761002,63,5.0,0.98366687717649
7,3,7,1,3,-12.9967943383018,27.2999833561859,7.299021019593497,13.74676049918239,-0.002506403726458388,0.9582208791615657,1.952155874193097,40,1.0,0.9930169979203958
7,3,7,2,1,-5.22453297719486,-0.242626028937303,-3.124567980265519,1.4760424934772103,0.007136384078871392,0.2059840465089019,0.46272970548293024,5,28.0,0.49538040747364914
7,3,7,2,2,4.91588940799564,63.4050941241802,24.308199894485032,19.963001160321,0.026791314186529705,1.7616950071895379,3.747500393159001,58,5.0,0.98366687717649
7,3,7,2,3,-13.7021313310031,25.4956752361685,5.927651976698177,13.386725041441595,-0.005043241234635644,0.8965499005374145,1.7458096488531596,39,1.0,0.9930169979203958
7,3,8,1,1,-22.5172726004398,8.02078967807664,0.8191851168416642,7.87021179000742,-0.006167228018825744,1.0840314885169318,2.418360279169498,31,25.0,0.5747445110569497
7,3,8,1,2,5.88057976070688,69.1340937690062,24.57789272690796,21.59024583416555,-0.010202419849903662,1.9684083230059892,3.661918299000895,63,0.0,0.97946508508886
7,3,8,1,3,-13.1782702301514,26.5134645947891,6.846065205806554,13.860789710500915,-0.005703901978112882,0.9666908136413049,2.041757455990517,40,1.0,0.9960455062654847
7,3,8,2,1,-5.51736330327251,0.346805877350276,-2.9530991854305366,1.725963174078879,-0.005506872547761487,0.24664675434035135,0.49149819017935004,6,25.0,0.5747445110569497
7,3,8,2,2,4.84833784340163,67.6497401701541,26.317350535612196,20.431006568668604,-0.01771933833644257,1.9109181430088735,3.890913700489598,63,0.0,0.97946508508886
7,3,8,2,3,-13.0201103951484,25.5806892400767,6.997228909756314,12.914276436830523,-0.012757391832723761,0.8853565509855428,1.7936785814188299,39,1.0,0.9960455062654847
7,3,9,1,1,-18.5516884326689,7.43850012130786,1.9576009506308687,7.186170188398169,-0.007127769948967821,0.9453051511316414,1.8290649568417,26,19.0,0.3295640483036547
7,3,9,1,2,5.13000138840393,69.6943866614496,26.196086851082097,21.26361525786728,0.017409154677917125,1.924228032645228,3.541794931557803,65,4.0,0.9622439391734926
7,3,9,1,3,-13.6263852942981,26.367509035954,7.01337266099378,13.783171498066293,0.01076622647863859,0.9475504206479226,1.9872429240453202,40,-2.0,0.9969778699859757
7,3,9,2,1,-5.49207149701242,1.04474865478734,-2.39037303885764,1.6994475476787159,0.0014273521072042516,0.22405980375406426,0.55337855644559,7,19.0,0.3295640483036547
7,3,9,2,2,2.88281152884646,64.2204757478711,23.155418950608862,20.293671683636703,0.029429814834100006,1.866813027022346,4.016649121705701,61,4.0,0.9622439391734926
7,3,9,2,3,-14.8513269096522,26.9075966640473,6.063021029269819,13.920058665219043,0.025806777344908896,0.9365370996723383,1.90837188535611,42,-2.0,0.9969778699859757
7,3,10,1,1,-21.4868361576248,7.66307921366065,1.398173043092495,7.99457625208574,0.00041277348675485475,1.0416367943223603,2.181137557699099,29,24.0,0.6616985460853446
7,3,10,1,2,6.69366579653256,72.0460150063208,26.093342722655663,22.345327147421905,0.025895535821499307,2.0178326845669714,3.7670439417653014,65,5.0,0.9661661108549817
7,3,10,1,3,-13.5153246366379,28.4108121890395,8.226262028136627,14.061933658903266,-0.0035897914359940396,1.008068585669897,2.040669827775766,42,0.0,0.9808247623262927
7,3,10,2,1,-4.94057793285688,-0.272732051206876,-2.8382852433606747,1.3579757452655183,0.005688291668369308,0.1703981156625247,0.3287831592299799,5,24.0,0.6616985460853446
7,3,10,2,2,2.22367257958177,62.214500588328,23.88179810669101,19.15765228915313,-0.011505507643245554,1.8021163379966845,3.8982211210249,60,5.0,0.9661661108549817
7,3,10,2,3,-14.4857321934124,27.6101263389293,7.042320369097778,14.234485458018609,0.015678866034199015,0.941360619974127,1.9143692879098095,42,0.0,0.9808247623262927
8,1,1,1,1,-14.85903275925,18.7066874262821,5.507269329304907,8.130405231929528,0.0011523614039516885,1.266932949739011,2.5410116022263995,34,4.0,0.9859102328397477
8,1,1,1,2,3.71068370553454,67.0294134589105,28.361604079272475,18.15941375896783,-0.004034250988898121,2.066335360571278,3.695622201581102,63,-2.0,0.9889038335312932
8,1,1,1,3,-11.0197049806956,27.4609255137873,11.4199201377565,13.80167824454135,-0.0045379262349980205,0.9737335561285412,1.890434910662231,38,0.0,0.9959831537346547
8,1,1,2,1,-14.6800334030618,14.8301370000344,2.770071456680021,7.589476021428959,0.0031770705700002195,1.0909914130174543,1.7833536262609915,30,4.0,0.9859102328397477
8,1,1,2,2,-1.08026320936102,63.5364642750451,23.874682335835324,19.102541072606243,0.007954341964800602,2.0541240839501085,3.6384460305017043,65,-2.0,0.9889038335312932
8,1,1,2,3,-12.6577002987401,24.883242888783,8.666435110131891,13.183842237952723,0.012120226043187155,0.9284726081025811,1.9684752141367206,38,0.0,0.9959831537346547
8,1,2,1,1,-8.4557187431005,20.3414249436031,5.488203557398417,7.226402758043241,-0.022393244750198785,1.1145808114353057,1.7108852221255102,29,-1.0,0.9521107444504583
8,1,2,1,2,3.1810722161345,68.604544938969,27.458625396097673,19.276813119975866,-0.0035305498119877245,2.1172130316897126,3.955038051074304,65,-1.0,0.99046657577811
8,1,2,1,3,-10.6630966235699,27.6104764309706,12.183579151114964,13.712487173008329,0.009377954009705945,0.9827379857048228,2.0241465558257996,38,0.0,0.9968782684052911
8,1,2,2,1,-14.0935517948732,15.8462863023176,2.6296376580294,7.77476138648555,-0.0015585590389997897,1.025877101848172,1.3139261705520315,30,-1.0,0.9521107444504583
8,1,2,2,2,-1.33002812365212,64.8449807621833,24.09261703824785,19.26268570804421,-0.011724686479505546,2.0747235308336522,3.6803266888641986,66,-1.0,0.99046657577811
8,1,2,2,3,-12.0433888121071,25.6643273524475,9.088443009630463,13.221399780485989,-0.009374446939647549,0.9486315610568586,2.0453170461267396,38,0.0,0.9968782684052911
8,1,3,1,1,-10.8382759901844,18.0706632717203,5.195233432525625,7.313035362598581,0.01530203136666918,1.1087357732994352,1.9477832249714702,29,-7.0,0.9584902246848742
8,1,3,1,2,4.15063410941345,68.1432113886331,28.809935023270384,18.259464453109572,0.0007331431187508924,2.1125630096345684,3.694336954346099,64,-1.0,0.9948808623871997
8,1,3,1,3,-13.3363421279907,30.3936697541065,11.812274045406859,15.618537746068823,0.003218486358443561,1.1136736361857682,2.3530840007625002,44,5.0,0.998979575769575
8,1,3,2,1,-19.1624410888837,16.3894290824114,2.882372283804267,8.34403838984342,0.026548308238548646,1.2723454029556356,2.7675794697538,36,-7.0,0.9584902246848742
8,1,3,2,2,-1.56700307683302,62.9561800983974,23.25688726167148,18.733846356657043,-0.003569566625613762,2.0944145296058134,3.2037190377750946,65,-1.0,0.9948808623871997
8,1,3,2,3,-13.7602742400517,24.9128140115079,7.52523084099047,13.782595592069217,0.0015574585230099193,0.9710021699353275,2.094559957090847,39,5.0,0.998979575769575
8,1,4,1,1,-11.8124518595666,20.066804415744,5.478712497965663,7.397160819132128,-0.001437702579984451,1.2579301669793526,2.341192738608431,32,3.0,0.9164925378608013
8,1,4,1,2,1.87437223804367,68.5204630336461,26.490755285543052,19.598953514186064,-0.023010485499826632,2.234659046866379,3.857720797042397,67,2.0,0.9775122124245343
8,1,4,1,3,-11.7103731565886,29.3130013339381,12.525878863890604,14.713287501642247,-0.016408652924547545,1.0664945536721697,2.2458995002333895,41,3.0,0.9909314669995728
8,1,4,2,1,-12.4101017461612,16.7877383202285,3.2034401559079586,7.333452324461543,-0.016706390997365143,1.021829527238573,1.3653367580991098,29,3.0,0.9164925378608013
8,1,4,2,2,-1.32457057985943,63.3619378519709,23.79030336692243,18.557792667900245,0.014167077167331971,2.030827012454358,3.5723416913294983,65,2.0,0.9775122124245343
8,1,4,2,3,-11.9055468592585,26.5944440192528,10.281170307224592,13.43213367575781,0.015380353974903943,0.9672849397254353,2.07576050172654,38,3.0,0.9909314669995728
8,1,5,1,1,-6.67764814398621,20.3375520817292,5.787452296331052,6.894670545088621,-0.007862232804942049,1.065856976904231,1.4592696287809601,27,-3.0,0.8247693546305778
8,1,5,1,2,1.81728961088883,69.3599535230637,26.865688691337223,19.86320653677815,0.020804514624084655,2.168070209337864,3.956712515385604,68,4.0,0.9803981069083861
8,1,5,1,3,-10.5379003427087,29.4237567538732,12.0612068275606,14.031036607292311,0.00211967654733368,1.0112568767792414,2.1876953290877,40,4.0,0.9928078394000199
8,1,5,2,1,-15.7566662902864,14.5462063793899,2.164255945062046,7.833839089300771,-0.015450094024405836,1.0439807413888467,1.5243089228172995,30,-3.0,0.8247693546305778
8,1,5,2,2,0.199506544693985,64.0268641104623,24.023283742790564,19.36216244317589,0.007085476032625075,2.000880728431702,3.5965700518583006,64,4.0,0.9803981069083861
8,1,5,2,3,-11.6910156376135,24.6171686134723,9.296665194551919,13.040832870765025,-0.01349347065117128,0.9157733213550747,1.8073413325002603,36,4.0,0.9928078394000199
8,1,6,1,1,-8.09549554910015,19.7733771550181,6.27008283062161,7.098242597674116,0.0015361189555057454,1.0525119835425398,1.6869369969916796,28,1.0,0.9560585980965683
8,1,6,1,2,4.030967482068,68.6100599177734,27.84823811236151,19.134715510436465,0.017735826221348908,2.092398663246125,3.742726864062803,65,0.0,0.9853620818190699
8,1,6,1,3,-11.1488538640673,29.2478737764376,11.597825038974904,14.19381966733,0.006807212370800023,1.0022514165721406,2.1020299130326396,40,5.0,0.9969552995969992
8,1,6,2,1,-10.4177024058418,16.9568696833588,3.759654481222374,7.307415250560748,0.015335379599114905,0.9678840659770909,1.174924232572643,27,1.0,0.9560585980965683
8,1,6,2,2,-0.0369794175570227,64.6157169364925,25.081588225371075,18.835596084054,-0.01090236730793389,2.025416133095933,3.635262898028401,65,0.0,0.9853620818190699
8,1,6,2,3,-10.5046745296947,24.5696334098526,9.864492367563921,12.29216439820649,-0.004120862020956453,0.8814796615551178,1.8035646158860699,35,5.0,0.9969552995969992
8,1,7,1,1,-7.31072842354162,19.8103900818753,5.84292455795921,6.692734803006278,0.003354195778312942,1.031309720495812,1.4435550859687298,27,-3.0,0.9003531824781489
8,1,7,1,2,4.7616323371572,69.1329776908913,27.03322868013135,19.49523459773738,-0.010695918180038023,2.1487782660634283,4.0137052503215,64,-1.0,0.9876105849780346
8,1,7,1,3,-12.1986924858464,29.1856669472288,11.508045643418917,15.012474816549899,0.0021981469261406106,1.0719366594538187,2.29997816940896,41,5.0,0.9975522726193262
8,1,7,2,1,-14.1752422124472,15.4731777560625,3.146149620503879,7.502666363248712,-0.006876140355869374,1.039113975331066,1.6820348374697804,30,-3.0,0.9003531824781489
8,1,7,2,2,-1.07132000176623,64.0021431653437,24.841695900418443,18.79572258987406,-0.012146834318723869,2.0742676187234115,3.5218839166886013,65,-1.0,0.9876105849780346
8,1,7,2,3,-12.1004371084407,24.2307043583154,9.189415196894263,12.946635614714003,-0.005003769949861382,0.9177085183522404,1.9225853092135194,36,5.0,0.9975522726193262
8,1,8,1,1,-10.6133802855656,19.3864421576726,5.918999555563341,7.18963905610937,0.008482517315135552,1.123474850210702,2.04417355105583,30,0.0,0.9646567897281004
8,1,8,1,2,4.47782303614595,67.3586957145175,27.207127113430957,18.644717902000565,-0.003002113145230599,2.0857118405851383,3.651399986184998,63,-3.0,0.9924047367205656
8,1,8,1,3,-11.6671799544968,28.6191159249717,11.430352573675034,14.510436991986406,-0.0008294521393198319,1.0218507072057297,2.2199779730956006,40,2.0,0.9928960100228965
8,1,8,2,1,-14.3987389264007,15.4489797536745,2.9412890070339985,7.575243243570788,0.014122428674429501,1.021468771640606,1.4507773606649899,30,0.0,0.9646567897281004
8,1,8,2,2,-0.892486787132478,64.8671127547447,24.080901310454284,19.40577066649433,0.003543619778204377,2.0880084074355376,3.556871010509596,66,-3.0,0.9924047367205656
8,1,8,2,3,-11.8896624323069,26.2073478864939,9.319606093915212,13.21694534021234,0.013604809127816852,0.947590698909397,2.0105656749623106,38,2.0,0.9928960100228965
8,1,9,1,1,-11.0232047193857,19.8777146969081,5.665818859397608,7.347292784358762,-0.011121222339958617,1.1489316295417744,2.05023881993087,31,-1.0,0.9753880395468342
8,1,9,1,2,4.7383474019735,69.4702191920995,28.992037971328752,18.961609089022893,0.012937151026140393,2.0945839798956967,3.753682715234895,65,0.0,0.9930646299631704
8,1,9,1,3,-10.0283492971971,30.21533085028,13.085735925873752,14.394585141647436,0.006480183219308886,1.027489889658546,2.1407776609372196,40,2.0,0.9908117410170584
8,1,9,2,1,-16.3272183126507,16.0770024507248,2.5337972809833023,8.047010515355813,-0.010085153207933836,1.1843895458870912,1.9502313567390992,32,-1.0,0.9753880395468342
8,1,9,2,2,-0.704871540407276,64.5746186919368,23.840828092905934,19.219512833564377,-0.0018988354090027834,2.0822235807503344,3.575840580492695,65,0.0,0.9930646299631704
8,1,9,2,3,-12.0132114539794,25.7921008469371,9.705171450067802,13.43661908224869,-0.007757988396073287,0.9621411547656159,1.9898063268108501,38,2.0,0.9908117410170584
8,1,10,1,1,-6.43820510347644,19.8314965382155,6.567329556763378,6.660704597771546,0.016672149245468313,1.0221724184646206,1.5792523672270598,26,-3.0,0.962132710528674
8,1,10,1,2,5.1021678184632,67.9771412032116,27.95997031557036,18.652123350995204,-0.0051533199524274285,2.154179544098603,3.9485483448090974,63,-4.0,0.9865233330172369
8,1,10,1,3,-10.6000553134527,30.0040085092584,13.21290661272673,14.438551084925631,0.004503193992150502,1.0317706110760567,2.156799106829361,41,5.0,0.9949991332869881
8,1,10,2,1,-11.6923714113632,17.6444030455391,3.6047849996794628,7.606395717564783,-0.007939865809538711,1.0247965679627076,1.2050275322887272,29,-3.0,0.962132710528674
8,1,10,2,2,-0.527094946616412,66.3715720520954,25.42470440422632,19.64375096777545,0.00665271173170977,2.1425721955577695,3.718949067870099,67,-4.0,0.9865233330172369
8,1,10,2,3,-10.753891797033,25.4772888670786,10.316493221551008,13.021657053461308,-0.003661523333760402,0.9341334257143693,1.8678431903192596,36,5.0,0.9949991332869881
8,2,1,1,1,-4.13383812892682,17.4144292798002,6.730173753200563,5.885464974562542,-0.020768399303559858,0.7194131296187776,1.2859682717302399,22,6.0,-0.1264086913001676
8,2,1,1,2,4.31972655124737,62.6215092971345,27.07751494160017,16.72596166553215,0.004952313881684753,1.900509297080941,3.426481919527305,58,48.0,0.504638661429666
8,2,1,1,3,-5.67799153341534,38.0210400612019,19.2218738062864,14.371327734554962,-0.00010183280039204829,1.0260762614745536,1.8863082025091802,44,9.0,0.9503925451093637
8,2,1,2,1,-6.95700604060144,9.30234705103411,3.3092611611386236,4.361865715452236,0.00936466559846385,0.6028152174929939,1.1302523568157201,16,6.0,-0.1264086913001676
8,2,1,2,2,13.2118790752522,22.8629874395559,18.129702420877972,2.918872486582195,0.006307902891404964,0.4680285483541638,1.3731692477238973,10,48.0,0.504638661429666
8,2,1,2,3,-6.96652132623997,27.7898445384399,9.214554564136286,11.247781373399317,0.029535826517056434,0.7343346052281444,1.2556264931723007,35,9.0,0.9503925451093637
8,2,2,1,1,-14.3415314515501,12.66922814749,2.916269448448478,6.925800564106439,0.0015465486401893835,1.084524040793261,1.8752913999858798,27,8.0,0.5180188677102566
8,2,2,1,2,4.52287027451471,64.5590012481433,27.839345844734115,17.611896496542276,-0.011144870058474258,1.9148643411012671,3.486380346323905,60,47.0,0.5314300300879066
8,2,2,1,3,-7.4824582780192,36.600394516798,17.96543168624162,15.13965501752213,-0.01592971168625348,1.0629196948913362,2.0095103173656,44,10.0,0.9543311096551145
8,2,2,2,1,-7.12668362725984,11.7140109471883,3.826957329824893,5.083623177630169,-0.0003729597711928736,0.6833188543240476,1.1260014098129298,19,8.0,0.5180188677102566
8,2,2,2,2,11.5404327869197,24.2201349542379,18.3059258307435,3.4244736661781263,-0.019315121908815843,0.5212241237737312,1.4521671457319982,13,47.0,0.5314300300879066
8,2,2,2,3,-6.26379670709583,27.6895477950003,9.944022855756302,10.960689403539924,-0.013050164055723772,0.7259446621215073,1.1693581328429996,34,10.0,0.9543311096551145
8,2,3,1,1,-6.01789741006767,15.7180690697584,4.456173442140261,5.991042576907342,0.017544556195115666,0.8975763299785816,1.3240421208439,22,5.0,0.3265787166152269
8,2,3,1,2,4.49232438604825,65.6042525634486,28.513973582841203,17.681061656287095,0.013158214684371386,1.964534339381674,3.902054030685399,61,47.0,0.510842281608116
8,2,3,1,3,-8.24283037347636,37.4664491918865,18.85379501624321,15.135814326916785,0.0003809869084871184,1.1115379974899693,2.1615680870116902,46,14.0,0.9300430180280979
8,2,3,2,1,-6.54004822625285,10.3459728859458,3.811348098165232,4.760381771981104,0.015386318193327612,0.6573383091199035,1.319747154273923,17,5.0,0.3265787166152269
8,2,3,2,2,12.4737154109218,26.5956509271772,19.455201705495416,3.863803845231462,0.005773929750989111,0.5882290174050596,1.6526961072090032,14,47.0,0.510842281608116
8,2,3,2,3,-5.88412264257544,26.3238636813198,9.265328907163202,10.750036466747257,-0.0006281319426574074,0.7060431565933607,1.1750993425408005,32,14.0,0.9300430180280979
8,2,4,1,1,-5.39117023263416,17.5840647866213,5.822733171577132,6.031030639709333,0.009945259906533168,0.9847019098514732,1.6754715748293498,23,9.0,0.19800035716012215
8,2,4,1,2,5.75780996908985,63.6379068344022,26.86643760984275,17.112341249120043,0.012373443325706534,1.8843653281891388,3.468476412636896,58,45.0,0.22260120273929948
8,2,4,1,3,-9.07039493736715,37.6770495578977,18.516196402560873,15.883109293622278,0.015169742792457384,1.1321304428710321,2.0682743686198997,47,12.0,0.9376496864875135
8,2,4,2,1,-3.26750685239492,10.8273284463792,4.32090951519425,4.296005011590671,-0.026232382450657593,0.6206539358212257,1.355700627306614,14,9.0,0.19800035716012215
8,2,4,2,2,12.4322232807042,25.1306383361209,19.100390926053993,3.1629527117498717,0.00259178168139011,0.5225357314210476,1.8460121328871004,13,45.0,0.22260120273929948
8,2,4,2,3,-6.54269587075497,28.6766936857139,9.904280580495398,11.530846908423957,0.02143894136269109,0.7589334667289401,1.35819944658809,35,12.0,0.9376496864875135
8,2,5,1,1,-5.57640284462768,13.328757926643,5.2628600977111,5.002485332551808,-0.0042904865642473256,0.840164471657921,1.3930125728492468,19,-1.0,0.48074880353609606
8,2,5,1,2,2.78774395199245,63.2799976923182,25.78739868061429,17.086402311510444,-0.04140612901615881,1.9891424297473923,4.028474452546703,60,43.0,0.0253526523567048
8,2,5,1,3,-10.0145867579644,35.3389046826911,17.67870590278561,15.492163991704915,-0.008202269332384184,1.1160865988806217,2.324661961204785,45,13.0,0.9488902890008981
8,2,5,2,1,-6.03024637522783,14.1536452262645,5.428842468320478,5.107210340510817,-0.026307959081541096,0.6155480779161027,1.268998142944779,20,-1.0,0.48074880353609606
8,2,5,2,2,9.71963494176699,26.2441440779927,17.69985484004531,3.8583129861586403,-0.03252431363508019,0.5879327939203348,2.013009809335898,17,43.0,0.0253526523567048
8,2,5,2,3,-3.26535802479376,28.284028094153,10.966332687427206,10.39745565981565,-0.02832149076711584,0.6895158409547224,1.1752373612432203,32,13.0,0.9488902890008981
8,2,6,1,1,-8.57333852750956,11.5514314843842,3.6033505192578104,5.544788413649928,0.001367015494586335,0.9115470516634951,1.4569767657044403,20,4.0,0.07843716863971315
8,2,6,1,2,2.85482512154287,63.9643321303125,26.05963923934056,17.24274804582094,0.016706432585454064,1.94514837882722,3.8787835630337995,61,47.0,0.13536537513891173
8,2,6,1,3,-7.79592120475783,38.3011408032104,18.656821477887885,15.351757216399594,0.004521650054061415,1.113728456870626,2.18910631598418,46,13.0,0.9575986274044821
8,2,6,2,1,-7.51456729687036,8.31693382500217,1.7005603381527408,4.695779861304575,0.01740723055936535,0.6766811914286082,1.542249479805666,16,4.0,0.07843716863971315
8,2,6,2,2,10.4946263318349,24.8895119159358,17.194125532009057,3.7490171152711147,-0.00020818279783959922,0.5851486718163625,2.1575951679172007,14,47.0,0.13536537513891173
8,2,6,2,3,-7.39031657144167,26.0349418833203,10.268042116700297,11.120382309072737,-0.01736191568166335,0.7206853122235288,1.0822272988927502,33,13.0,0.9575986274044821
8,2,7,1,1,-7.32800253957612,13.4995947383709,4.457560311992932,5.646414736911032,-0.03413881209091684,0.9089139179111217,1.52676994482233,21,1.0,0.49296679231891244
8,2,7,1,2,4.52946523357306,64.8127091101137,26.793639721372593,17.59564637351357,0.020805332875999116,1.9313218189392538,3.7510448774702994,60,48.0,0.2204246612037139
8,2,7,1,3,-10.1697347984794,38.1612866991373,18.60622604163115,16.048343361876537,0.0026964105136286776,1.1714488421296136,2.229450661976024,48,17.0,0.9618307050733247
8,2,7,2,1,-6.07346857080457,13.4905741499657,3.9509101113795677,5.697475411644375,-0.01495519777137505,0.6255585232871117,1.369593176187554,20,1.0,0.49296679231891244
8,2,7,2,2,10.9694756576967,23.0877419346227,16.518568912856438,3.276824528367112,0.006752052788815843,0.5200557478211083,1.725840953789099,12,48.0,0.2204246612037139
8,2,7,2,3,-6.90762237156213,23.8904740396539,8.601915150771834,10.427272271980355,0.0018495634197791863,0.6790409903825638,1.270983267624219,31,17.0,0.9618307050733247
8,2,8,1,1,-9.55688942664792,12.9147211115438,3.8495951675358393,6.184591681138815,0.0023971321849284508,0.9398993077994271,1.4710998680242104,22,1.0,0.7138304948986582
8,2,8,1,2,6.78400666526493,66.9925588929122,29.345821336447795,18.061142511726647,0.012282969623438113,1.9719499055009952,3.6989818090075985,60,47.0,0.5699218067299636
8,2,8,1,3,-8.78895421660061,39.0847162841985,19.15075928503647,15.795068169576039,-0.014242647099278243,1.1446392346338257,2.07799427195134,48,13.0,0.93954276884468
8,2,8,2,1,-6.2435920479222,14.9935713511858,5.102526930161148,5.592356399479163,0.04527470591121426,0.6413159878155398,1.440764627512027,21,1.0,0.7138304948986582
8,2,8,2,2,11.010316074451,24.029843710631,17.901956433103383,3.6634734109408393,0.002095104375626742,0.5696236019047041,1.4871528778928003,13,47.0,0.5699218067299636
8,2,8,2,3,-6.61601524173468,28.6908275683412,10.192997763172222,11.13858873561129,0.046527067875288146,0.7378441210504347,1.5936936515386009,35,13.0,0.93954276884468
8,2,9,1,1,-9.22950641647141,13.9267218976598,4.251820266209457,6.067110965192871,0.005179785469039905,0.9430102854878833,1.61870441319234,23,6.0,0.6353656769985151
8,2,9,1,2,6.29560046890715,66.0487792436734,28.274099316195418,17.784059145294076,-0.01687347667663951,1.9771667774255453,3.804105923327697,60,47.0,0.4789411858628943
8,2,9,1,3,-9.08397411765465,38.3209890191598,18.331052599249034,15.69308946993379,0.007849722012327722,1.1308658751291745,2.0408155290437504,47,13.0,0.9533481453488067
8,2,9,2,1,-3.5074996222259,13.6312611952726,5.089173856988624,4.8602571098949445,-0.008853540426071983,0.5677508148496629,1.3252910052305993,17,6.0,0.6353656769985151
8,2,9,2,2,12.3260635416935,25.3861267557513,17.868048029387268,3.855403038859298,0.0031471430740821877,0.6000593325955105,1.6762125414932,13,47.0,0.4789411858628943
8,2,9,2,3,-5.99163628631911,28.4923755431407,11.028715897858733,11.464706495432296,-0.013931141747647511,0.7328090879832357,1.2654548307514997,34,13.0,0.9533481453488067
8,2,10,1,1,-9.53982375889348,15.8625441338974,4.883032649117203,6.348657434498703,0.010252292934365444,1.0464348403307864,2.1059343829647106,25,8.0,0.4253257393680523
8,2,10,1,2,4.32312324436476,66.353806645054,27.622039842432528,17.545569798521544,-0.020573869961932965,2.0474148573873436,3.7497159537405977,62,48.0,0.2675435858289335
8,2,10,1,3,-10.2463719857737,38.0201177444667,17.97564804713903,16.241819772441183,-0.024575178971346576,1.1761539460495984,2.35472073496469,48,16.0,0.9140147544417481
8,2,10,2,1,-4.07547554292254,12.6948288571996,5.509110959005196,4.584004477402183,0.013245784325170398,0.5780390757323953,1.434477595402349,17,8.0,0.4253257393680523
8,2,10,2,2,10.9333143918835,25.1456493310464,17.95227897542982,3.3796596542170003,-0.014729867598227716,0.5279978495316552,1.7614471955795992,14,48.0,0.2675435858289335
8,2,10,2,3,-4.6366408395325,27.3539490700769,9.8760944818714,10.991631962273354,0.0032606026296950552,0.7188358607778134,1.21342889783039,32,16.0,0.9140147544417481
8,3,1,1,1,-12.9903373200271,11.6465982833373,2.2940659813967836,6.168402013265344,0.009467535878225342,0.9935558431609461,1.9141140484044996,25,19.0,0.8284428708113487
8,3,1,1,2,1.6989338768394,67.2731941593572,24.76688932470531,19.651308326068676,-0.004968042060396739,2.123798549726358,3.8782785663712005,66,2.0,0.9262491461566842
8,3,1,1,3,-13.5204185540868,32.9525535078851,12.812999240988693,16.353745898264854,0.007883983899343545,1.1810556896451856,2.46035063358371,46,-6.0,0.9758061463759092
8,3,1,2,1,-0.772201428233755,5.45423722891915,2.6236918779839793,1.9747087373142795,0.0008111508042258425,0.22524486447501754,0.4281675756204799,6,19.0,0.8284428708113487
8,3,1,2,2,4.78928809783617,68.8037339539711,28.287537508594973,20.89754623645024,0.008856851274577254,1.8795411078782305,4.180372203207902,64,2.0,0.9262491461566842
8,3,1,2,3,-16.6746787027123,34.907689479161,10.13080285066976,17.519177940609595,0.006813225620099039,1.1857054221060446,2.3776167070206906,52,-6.0,0.9758061463759092
8,3,2,1,1,-9.14268377730899,15.6702036054961,3.7234937541964976,6.366299510151859,-0.010073680879807428,1.0487620228360768,1.72429876561677,25,18.0,0.6486082346715818
8,3,2,1,2,1.15870271161794,68.1223893993058,25.711945129210456,19.675750069042767,-0.007445107379553166,2.1585332702387507,3.8720820795390978,67,5.0,0.9398253820391541
8,3,2,1,3,-13.0748097081446,32.6117428484928,13.843939648202491,16.214480602358847,-0.0079796270962287,1.1728859333934845,2.426386686504099,46,-1.0,0.942325678931991
8,3,2,2,1,-1.28775687128176,5.47572185128985,2.4729895583999992,1.9262550948759167,0.0007180135024658415,0.26065046803799796,0.63161705571651,7,18.0,0.6486082346715818
8,3,2,2,2,5.45181308414186,67.3845984434074,29.90584257454812,19.20274197270291,0.003647274427553456,1.7813351418906176,4.006544936331899,62,5.0,0.9398253820391541
8,3,2,2,3,-14.3221290569121,32.680236094536,11.185395421693112,16.3190448784553,0.0020504064340554204,1.0936281913194823,2.322936662029651,47,-1.0,0.942325678931991
8,3,3,1,1,-8.86567722447813,15.7423489730279,4.314617130729763,6.1971533585584515,0.0024856431168856436,1.0213052714464166,2.0221298737540803,25,20.0,0.7257530961162169
8,3,3,1,2,1.11132848486858,66.2692398108911,24.51709811614673,18.991518136169518,0.024141296168512273,2.0521600388973296,3.885810288334298,65,4.0,0.935191935703867
8,3,3,1,3,-14.0264789685111,31.114458288962,12.318060972920648,16.122172459901755,-0.0037008965257168368,1.1623928557527068,2.5416802373849796,45,-3.0,0.9775703632570897
8,3,3,2,1,0.432558813143167,5.42056821536571,2.6661485766213646,1.6346357262704316,0.0018569117095413857,0.19407641722601227,0.4467998562520801,5,20.0,0.7257530961162169
8,3,3,2,2,5.41603976205489,66.7579860519403,29.2924478941441,19.255350522852286,-0.01787422346693072,1.8338184654505272,4.2114586947595,61,4.0,0.935191935703867
8,3,3,2,3,-16.1196447123412,31.8902125561811,10.463730534233045,16.681165159593018,-0.011618649208401971,1.1222675021325512,2.2219697623008106,48,-3.0,0.9775703632570897
8,3,4,1,1,-10.8632057513614,14.2473502603973,4.180827309606542,6.106303886237592,0.012033282128560398,1.0175634518946204,2.06763251071909,25,20.0,0.7748323529021157
8,3,4,1,2,2.75654078154177,67.4335871968545,24.766220280650252,18.95808437444014,-0.00799439018320712,2.110917043440348,3.958412635239398,65,6.0,0.9428679919416633
8,3,4,1,3,-15.149318406252,31.1282205935265,11.301958089375196,16.35522286231079,-0.0037109732904435522,1.1741468802430115,2.6519714006832693,46,1.0,0.9747034441388822
8,3,4,2,1,0.800549837916677,5.75326650014248,3.1125041545809222,1.7175840775851732,0.003500529931109902,0.18963745046149683,0.4719056389956502,5,20.0,0.7748323529021157
8,3,4,2,2,5.20753514550535,63.7332989361341,28.42890238109171,18.379888690023883,0.020166788174550507,1.706206633108506,3.909055546297296,59,6.0,0.9428679919416633
8,3,4,2,3,-15.1059818016195,30.1105336849732,9.839472191606879,15.610468997744054,0.0011589774875801666,1.0406340462383943,1.9146659582961403,45,1.0,0.9747034441388822
8,3,5,1,1,-9.1656546264293,15.5410282087544,4.649883296813507,5.7977033488696765,0.003680130970042675,1.0337901799594975,2.18691615607129,25,18.0,0.7083113415465218
8,3,5,1,2,1.53304162723673,67.2099284479883,23.126517700609348,19.445038791738924,-0.011043566496913662,2.097741927270558,3.9810914570161984,66,8.0,0.9495811276104
8,3,5,1,3,-13.9633830275232,30.2595905115481,10.86878403727717,15.718580760520474,-0.01476895088582279,1.139269038366381,2.4668639141002995,44,0.0,0.9902290750177501
8,3,5,2,1,-1.5276289139944,5.03007481540769,2.3250851983719807,1.8420901558122198,-0.0040774493970977205,0.22648679123420576,0.3510761318427398,7,18.0,0.7083113415465218
8,3,5,2,2,8.69529984943472,66.6277759272812,31.660559523518916,17.621500966933606,0.005844605032350471,1.71535808893579,4.192620273714695,58,8.0,0.9495811276104
8,3,5,2,3,-13.2876805378781,31.1343632840512,11.774327478675588,15.014751326265868,-0.00347882106717919,1.0191007256766442,1.9469636095174199,44,0.0,0.9902290750177501
8,3,6,1,1,-12.2053520915537,14.8760718647611,3.937603725745539,6.542917613919774,-0.026231527125514353,1.0763645040565737,2.0093586509691805,27,20.0,0.8468022598057428
8,3,6,1,2,1.68530093608396,66.1774910676404,24.770460245021354,19.155350082991085,0.006480153283513363,2.038954565536528,3.7894205652655018,64,-2.0,0.9260417500700228
8,3,6,1,3,-14.0763408003949,31.7150739731518,11.44248190132322,16.034897045365508,0.01923206951486139,1.1390245284984009,2.454219760095671,46,-4.0,0.9962526059921138
8,3,6,2,1,-1.13441865765959,5.66387506515777,2.6594258011442067,2.004570244075985,-0.004399462230353368,0.23745782330327742,0.4485966940472199,7,20.0,0.8468022598057428
8,3,6,2,2,2.66759870666405,68.2151284377665,28.925359828316196,20.287743525266094,-0.04167264129685841,1.93019581262402,4.265126537270103,66,-2.0,0.9260417500700228
8,3,6,2,3,-17.6144716732909,32.8686930523965,9.848644908854261,17.347529825537183,0.0020058757790158326,1.1792816230253915,2.3990858722881496,50,-4.0,0.9962526059921138
8,3,7,1,1,-9.20220194988479,14.5027129060494,4.207595185556282,5.750558670518488,0.014593696582318908,0.9698340693579667,2.05115257365331,24,19.0,0.8548257832478595
8,3,7,1,2,2.44607047651532,64.8189369527825,23.710620172891836,18.53606699964345,0.013453603470905842,1.979276189724135,3.704097463587999,62,3.0,0.9586319456713228
8,3,7,1,3,-14.9645844181847,30.2655724559147,10.502773649582021,16.252944000312667,-0.008681633619191085,1.1518152029185622,2.50729042515386,45,-4.0,0.9917427589274875
8,3,7,2,1,0.302985608500454,5.48832884220641,2.6679326649548774,1.671842729966269,0.0014702876186091086,0.20653640562236994,0.47538196553576006,5,19.0,0.8548257832478595
8,3,7,2,2,6.32245891141075,65.42766038436,28.9216348396875,18.850205730947934,-0.009684943160861385,1.8393064931821212,4.208832103348499,59,3.0,0.9586319456713228
8,3,7,2,3,-15.8605500984867,33.4700489514127,10.961045545913445,16.829309589082982,0.0040164572907405985,1.1430704319375362,2.1977231859075497,49,-4.0,0.9917427589274875
8,3,8,1,1,-12.1692428182687,10.9153778403637,3.417707634394223,5.758419968850903,0.011886521641220395,0.9964940663913232,2.1358601635116594,23,18.0,0.6922805709098175
8,3,8,1,2,2.00781348144006,65.8816372429187,23.928589140015266,18.5755075706589,-0.018293513365295142,2.0885853671978225,3.9944749965100996,64,6.0,0.9361684684555329
8,3,8,1,3,-14.7816564729961,29.3027834603534,11.60544713876488,15.607292711210478,-0.01066036787740991,1.1432554653715878,2.3963207334159087,44,-3.0,0.9390115706013871
8,3,8,2,1,0.334185348582158,5.41250193385253,2.7115408217333083,1.7267635723514638,0.0006260351574211878,0.21374155369638342,0.5943575959403598,5,18.0,0.6922805709098175
8,3,8,2,2,6.86317060316513,65.1856310634952,29.837633097469816,18.635247132707942,0.045684341674196036,1.703485400511785,4.0489662482355016,58,6.0,0.9361684684555329
8,3,8,2,3,-14.0098774787269,32.6087344831749,10.805017554302568,16.006511993320835,0.009863322817213851,1.0600484350630315,2.0001546629096003,47,-3.0,0.9390115706013871
8,3,9,1,1,-11.6863043542974,14.5678369168347,3.596885748068903,6.256173045297666,-0.035238097665307604,1.06969186895437,2.2710198891145,26,20.0,0.7363320007655099
8,3,9,1,2,1.97017279536297,64.7005552270479,23.98598506309764,18.259859098033402,0.012958916126291783,2.0051450163981364,3.766559320413201,63,-2.0,0.9269552708645316
8,3,9,1,3,-13.5126665530118,31.9712522075515,12.32034553611624,15.816654348914682,0.03309293283242869,1.1398009417917618,2.5286128839561,45,-5.0,0.9727311771082341
8,3,9,2,1,-0.41398826085975,5.75543635184008,2.7488965612978578,2.0139630664254566,0.0017707777747815834,0.2236927219825297,0.48788640817895,6,20.0,0.7363320007655099
8,3,9,2,2,3.59576946309808,68.5317783504221,29.149691983341018,20.62355746620157,-0.008266562949404952,1.9229978866884523,4.557760385395802,65,-2.0,0.9269552708645316
8,3,9,2,3,-16.5132197675012,33.7582323595833,10.877949608203952,17.370859889057648,-0.007267317841434684,1.1891476272391357,2.371167016203061,50,-5.0,0.9727311771082341
8,3,10,1,1,-11.8488654268414,14.6724360193192,3.5468640811702357,6.677875427737493,0.017493639069507596,1.0835415238795674,2.34708396316352,27,22.0,0.8359251454452098
8,3,10,1,2,1.78633638877186,65.4642236820264,24.922571075788255,18.490434961873888,-0.01593826631409644,2.0708503438538055,3.723477364756995,64,5.0,0.9440861489860958
8,3,10,1,3,-14.4024775785414,31.8448949841721,12.448020161041475,16.524454523578285,-0.024024366824068333,1.1862909295946211,2.4678791404248797,46,0.0,0.9676244883724333
8,3,10,2,1,0.346534464080348,5.49164838023553,2.8719805888089325,1.4961690547234225,0.0066561942856497025,0.2087625534530576,0.5319038922995498,5,22.0,0.8359251454452098
8,3,10,2,2,6.55292739878932,65.0969933138228,29.796048236127447,18.604230496813972,0.016547829307640604,1.7145883320246884,4.046024720969598,59,5.0,0.9440861489860958
8,3,10,2,3,-14.4150241560783,32.0051278570391,10.805187405186333,15.956920450901752,0.011949094716620817,1.0580750795728657,2.0177838402480495,46,0.0,0.9676244883724333
9,1,1,1,1,-5.83740934321865,17.05131322695,6.447172651769526,5.656201889599867,-0.012771847887439201,0.8811407984448447,1.15098909042054,23,-6.0,0.9615217915313848
9,1,1,1,2,0.0333356567369987,69.137703952349,25.294483279121945,21.434743638379324,-0.0004906473730806228,2.166288747161145,3.8382085072280034,69,-1.0,0.9955252030307533
9,1,1,1,3,-12.7038349517471,27.3077639666615,8.573381221288368,13.378965582899333,0.016204828614395053,0.9477229043235385,1.8098537966189403,40,-5.0,0.9978523282541518
9,1,1,2,1,-12.050022351379,17.0273758910356,4.243294145625703,7.722170113723098,-0.008193590696004555,1.02477096754952,1.0978799058426199,29,-6.0,0.9615217915313848
9,1,1,2,2,4.28144448454062,74.3224569493118,29.04711489186465,23.016626896750697,-0.0016090590334062384,2.2007524772071427,4.150081049137107,70,-1.0,0.9955252030307533
9,1,1,2,3,-13.5913946351508,31.0047833343414,9.672172575450382,14.49251080833358,0.004720644400632657,1.0574457302592144,2.0260728077273367,45,-5.0,0.9978523282541518
9,1,2,1,1,-7.43261077565899,16.2135517438572,6.321657940706017,5.883278186103972,0.0011705851416642596,0.9207026088181329,1.4105613879329804,24,-6.0,0.9696830721835523
9,1,2,1,2,-0.331244038847812,68.0762663629416,25.20458698774073,21.010810657763724,-0.004603116415954857,2.1142971985614687,3.7293608323756047,68,-3.0,0.9953634433802133
9,1,2,1,3,-12.7688240255845,27.0585370882725,8.916463245285097,13.372042310687277,-0.006711799237805956,0.9546268629965384,1.7384798867628608,40,-4.0,0.9925588918757043
9,1,2,2,1,-13.4615607960105,16.8508216798911,4.294969271403165,7.688025398944337,0.014006426483203467,1.1009572673525818,1.4908970624008688,30,-6.0,0.9696830721835523
9,1,2,2,2,2.89342693257219,73.7688976325265,27.544044651557254,22.938071286050132,-0.01206994823764525,2.240100605980919,4.143410954936201,71,-3.0,0.9953634433802133
9,1,2,2,3,-12.5990167250378,31.4618295089062,9.861080692081378,14.330791508116409,0.00366342069044062,1.0531711066261782,2.0272661312126896,44,-4.0,0.9925588918757043
9,1,3,1,1,-9.66947520815736,15.0845647000279,5.523123993090982,6.326683365915762,-9.047829537613169e-05,0.9725198052969183,1.3900992698170898,25,-9.0,0.9528652498426072
9,1,3,1,2,-0.378593657889473,69.5451155253086,25.578392100452476,21.26875867842501,0.0001925922453544614,2.1641610621231413,3.843572172647505,70,-2.0,0.9908845437745888
9,1,3,1,3,-13.0347970241377,26.620862342277,8.787468317314575,13.357595533638728,-0.005608130481828724,0.9720090511087558,1.78597799263,40,-2.0,0.9973343434206416
9,1,3,2,1,-15.9707897115148,17.6284813066849,3.7717330529279103,8.689158735082291,-0.006133608831486228,1.1796633452754728,1.3364745592882006,34,-9.0,0.9528652498426072
9,1,3,2,2,1.39765334778556,73.0607567623173,27.932789553813905,22.588292391549725,-0.014478132468378322,2.2279148532944757,3.9690834484835023,72,-2.0,0.9908845437745888
9,1,3,2,3,-12.4976878404185,29.6057004302349,9.64505506322291,13.986811262175351,-0.015716667832918817,1.0284706431960102,1.9619138419127395,42,-2.0,0.9973343434206416
9,1,4,1,1,-7.83781568257359,16.9805512952706,6.564718214476152,6.130329529317895,-0.0037053967354324746,0.9650711058639745,1.4962603606504206,25,-3.0,0.9862883231846012
9,1,4,1,2,-0.029378869774498,69.7311086560097,26.681999870542636,21.178436697401402,0.004301905493988892,2.170462994169302,3.8916483779767006,70,-3.0,0.994897935213549
9,1,4,1,3,-12.6137473431335,26.7949881010438,9.122838355389138,13.125363387259261,-0.002057573777556453,0.9533179507667262,1.77019778955072,39,-3.0,0.9904278486093636
9,1,4,2,1,-11.1242461833771,16.8006606210687,4.599338535944465,7.3022763980609,-7.277854418880894e-05,1.0178310621463111,1.3262024173061304,28,-3.0,0.9862883231846012
9,1,4,2,2,1.33294309773273,74.2104292580431,28.739150826903803,22.579672297695087,0.038801591128667136,2.169152196881932,3.9739043031443018,73,-3.0,0.994897935213549
9,1,4,2,3,-11.9870269295847,30.3542856250711,9.964367518091759,13.64726520095262,0.02256740484958911,0.9880063824166254,1.9266166103999005,42,-3.0,0.9904278486093636
9,1,5,1,1,-10.274603409753,14.9436587631974,5.666101902956811,6.396240746895033,-0.003376746463499905,0.9771898456633938,1.58179222958786,25,-6.0,0.9521707139906995
9,1,5,1,2,-0.33772859471163,70.3383472374393,26.22156269757368,21.585542439250617,-0.007392753826863445,2.188162602541134,3.954171341148701,71,1.0,0.9965595837141576
9,1,5,1,3,-13.5251691419177,25.7934143635432,8.27057565781657,13.22792543813691,-0.004141476585312892,0.951611797479905,1.7338030403184508,39,-4.0,0.9951952159273926
9,1,5,2,1,-13.5842391026905,17.3878089589082,4.637318233888061,7.785597323713868,0.007028749915043273,1.1137865076995916,1.6313469209629403,31,-6.0,0.9521707139906995
9,1,5,2,2,2.82649597607192,73.2837237194363,27.7991193941884,22.011775982498317,-0.022060921158754358,2.208160996589842,3.999529626589606,70,1.0,0.9965595837141576
9,1,5,2,3,-12.8842424257486,29.8192883494265,9.717270507735915,14.091767679304613,-0.008270301607520807,1.033945015753359,1.9892147724857008,43,-4.0,0.9951952159273926
9,1,6,1,1,-7.06589285855413,17.2230487738308,6.158514946366047,6.31280092858365,-0.0034632274520037688,0.9177226561438606,1.1218677994792001,24,-10.0,0.9828365884970294
9,1,6,1,2,-0.238608083767981,70.5713323424369,26.574610018165767,21.524992683356526,0.0017752122683700217,2.1919864257797923,3.880872948400402,71,0.0,0.9960899294982161
9,1,6,1,3,-13.1562714342034,27.5780569259163,8.963940947395598,13.340246043548651,0.0009782434755762574,0.9846427753952742,1.8428698809064894,41,-2.0,0.995139934548785
9,1,6,2,1,-15.83082801747,17.7532274896131,4.223709861328655,8.434592436650759,-0.004070154143537024,1.1975074685965952,1.7742899679705992,34,-10.0,0.9828365884970294
9,1,6,2,2,2.80642728686409,73.703256327143,28.524541227980457,22.265022332035812,0.026719833883294155,2.154775775658901,3.993304404994795,71,0.0,0.9960899294982161
9,1,6,2,3,-12.9578606906898,30.0313028522654,9.19256022344365,14.16617551550175,-9.119771256140698e-05,1.0247457096791417,1.9780276842727997,43,-2.0,0.995139934548785
9,1,7,1,1,-10.361999825656,15.0160991498814,5.242012339482909,6.25877592114228,-0.00870144972988179,0.9983461789728122,1.62512987686737,25,-5.0,0.9523981540505848
9,1,7,1,2,-0.0637886735519304,69.9468225123889,26.124108888859894,21.456374248233544,0.0016599703120622723,2.1893844462235297,3.9564475713074003,70,0.0,0.9818865039026845
9,1,7,1,3,-11.7834305360778,26.1695811279607,9.13162032190747,12.791240416327431,-0.003627885894252443,0.9390485181196953,1.78297349622537,38,-6.0,0.9898095345422828
9,1,7,2,1,-11.9313715018806,18.1985988682507,4.5906546428511374,7.58910868473053,-0.0005494984413746462,1.0811468246378317,1.3793837153781894,30,-5.0,0.9523981540505848
9,1,7,2,2,3.17668263290575,73.6615318223019,27.228735110100896,22.647815371518913,-0.021239013854229404,2.217320404399804,3.9823532405487967,70,0.0,0.9818865039026845
9,1,7,2,3,-13.7276252221911,29.8128057817148,8.393956113235383,14.27862718207547,0.0028891959105237603,1.0215466425191388,1.97418405163971,44,-6.0,0.9898095345422828
9,1,8,1,1,-8.53870361279238,16.276187593577,5.987676922984211,6.397428669261066,-0.0021895622940094044,0.9335858090462319,1.3437409516075194,25,-6.0,0.978445683091071
9,1,8,1,2,0.259179472884723,71.7273169713531,27.104020351075867,21.792873349858276,0.004193416059039485,2.2329080279365425,4.0426084316091035,71,0.0,0.9980157154738782
9,1,8,1,3,-12.9946926032226,25.3777393222943,8.633709958851188,13.021806111530731,0.0002646430733782249,0.9440982165799643,1.76380769637632,38,-4.0,0.9945119794196197
9,1,8,2,1,-12.654539655497,18.1533461044383,4.665003312960638,8.019358771977938,-0.010924692427009403,1.1256903160202538,1.46579162444033,31,-6.0,0.978445683091071
9,1,8,2,2,2.18270552139668,72.87143364338,28.051598820983447,22.073809973531468,-0.0078345149940302,2.2257814298843437,3.844840669317797,71,0.0,0.9980157154738782
9,1,8,2,3,-12.6027205187741,28.9996907831659,9.276482800477039,13.539998095654756,-0.006698147136724758,0.9911922778710944,1.9194538502866398,42,-4.0,0.9945119794196197
9,1,9,1,1,-6.80237390923366,16.4400263040355,5.619299328871074,5.90621986369647,0.006882558322447234,0.888049254647488,1.1535847259781797,23,-10.0,0.9674554173776835
9,1,9,1,2,-0.0030069889573859,70.2080853383466,25.312645536467645,21.764735359190336,-0.006101781820262317,2.1947467273592065,3.9318499098655977,70,-3.0,0.9968220338004538
9,1,9,1,3,-12.9871777154559,27.4149858058699,8.538244481070109,13.644211375240708,0.021069211615643575,0.9674076223032521,1.8032487759985303,40,-3.0,0.9988344742418795
9,1,9,2,1,-14.8159572553995,17.9437471292236,4.542368275518331,8.520896240221113,-0.014430110873756336,1.195579954873016,1.753245935525939,33,-10.0,0.9674554173776835
9,1,9,2,2,1.30222585552732,74.0626688516326,28.73350624311448,22.069692381866673,-0.007855664012124845,2.2855485188175266,4.100560526666399,73,-3.0,0.9968220338004538
9,1,9,2,3,-13.2286324263222,29.2911022714012,9.486292424117973,13.928312373007335,0.0007249350665554237,1.0320421090484144,1.9781593279311798,43,-3.0,0.9988344742418795
9,1,10,1,1,-6.353341018865,16.7661355780473,6.076519434886513,5.8000065175024735,0.005929469070206434,0.9235709468452398,1.2876905341968499,23,-6.0,0.965643025523852
9,1,10,1,2,-0.713537824560131,71.1321441701792,25.74972767892014,22.275685109388974,-0.007845035059129857,2.2336602044978604,3.804369331022798,72,-2.0,0.9808577515348733
9,1,10,1,3,-11.8237495980138,26.5559310834519,9.443411936329369,12.997878686327264,-0.02767817672551784,0.9522387528556672,1.7203245821224291,38,-9.0,0.9872958818962662
9,1,10,2,1,-10.0908431496138,19.0484888457634,5.209899457103718,7.596453988969695,0.022475967199719307,1.0647230105308698,1.2669037785627641,29,-6.0,0.965643025523852
9,1,10,2,2,1.37914367920584,75.1615443602719,29.035167581047656,23.076435121655184,0.07584254483399268,2.2328726899423303,4.233494568507496,74,-2.0,0.9808577515348733
9,1,10,2,3,-13.909693454936,32.832328383077,10.097567642142648,15.176866665154739,0.03591829280682875,1.0937356631814386,2.1906533721108197,47,-9.0,0.9872958818962662
9,2,1,1,1,-9.55768827694266,15.4207412125911,6.44265461776805,6.0239875297719205,-0.010553474983322278,1.011342003368039,1.9195778535324592,25,8.0,0.23415522086948862
9,2,1,1,2,-0.563734402050962,70.4641192641012,24.102567695008005,21.55785684090596,-0.0006947944092394511,2.2530460296385746,4.136823008234799,71,45.0,0.3934379072309654
9,2,1,1,3,-13.0556357371938,27.9279421883192,11.276583185560195,13.427268514105712,-0.024514111080582157,1.0561028707401146,2.06838966850271,41,5.0,0.9614480460258976
9,2,1,2,1,-1.31046111921014,15.6050968834788,8.121465765562006,4.051216315715352,0.020438335276716343,0.7361738767836856,1.4564704574126708,17,8.0,0.23415522086948862
9,2,1,2,2,8.28948346713252,34.6451679145219,21.312710319142163,6.846258940390013,-0.013925130637351573,0.8838371331670711,2.1869958942195,26,45.0,0.3934379072309654
9,2,1,2,3,-10.3325504251851,25.8707937725435,9.360792454339935,12.672207905384331,-0.006153634005008906,0.8372005074875418,1.4537934034193007,36,5.0,0.9614480460258976
9,2,2,1,1,-6.24748938394233,16.1121418272263,6.703511591195374,5.6945145859153286,0.0015904669020125597,0.9366394606783489,1.1811995612499304,22,2.0,0.5175141069672984
9,2,2,1,2,-0.467963870249333,72.2371295569102,25.744082075775594,22.231391854547145,0.006848748833043873,2.316387696373276,4.354495081808302,73,43.0,0.4348850880321664
9,2,2,1,3,-14.9033089435286,29.6105744066624,10.661620941935002,14.329964515927918,0.02806734140669408,1.0865264347683246,2.06371179035874,45,8.0,0.9434635163384754
9,2,2,2,1,-3.07179865165375,17.0244818400365,7.999131874084773,5.137551405661624,-0.011106696054887327,0.8793486433382067,1.545009535888087,20,2.0,0.5175141069672984
9,2,2,2,2,7.74407845229427,38.1682928415492,20.854709622026995,7.794023269284964,-0.009082493647528313,0.9923816851153953,2.0626150666819996,30,43.0,0.4348850880321664
9,2,2,2,3,-11.9657135566463,25.1792042497616,6.91227873554237,12.897858121878185,-0.007979141778937642,0.8381819458550317,1.545079330531701,37,8.0,0.9434635163384754
9,2,3,1,1,-6.45440978519357,18.7546521565674,7.455059165547555,5.789495658930095,-0.010391398052498613,1.0499574339023952,1.6850948897243299,25,4.0,0.38414233844667217
9,2,3,1,2,0.324620873322921,72.5582305075063,24.774342114725737,22.542967924560458,-0.0006156729254859151,2.3175928416914715,4.5213596609155005,72,45.0,0.6405463143923571
9,2,3,1,3,-13.5280057055396,28.5064131039677,11.395364296597739,14.167658554935635,-0.024676165165441584,1.0931148831116946,2.14842732292838,42,4.0,0.9177573413718854
9,2,3,2,1,-2.10603520275869,19.2105208536809,10.319859244856096,5.088425536416395,0.03299169163573949,0.7590875741389794,1.5872019512674698,21,4.0,0.38414233844667217
9,2,3,2,2,9.21704825454689,35.7859317625107,21.12033608447692,6.9813485225602046,0.00832993642248318,0.9021866367672553,2.108041715875899,27,45.0,0.6405463143923571
9,2,3,2,3,-11.6871113867505,26.3571749333036,6.587407275123972,13.005745919649451,0.018385264624172275,0.8609577146883353,1.5465979606816997,38,4.0,0.9177573413718854
9,2,4,1,1,-6.19557431112187,16.0707799562049,6.288583343393131,5.565575997835526,-0.00026654485465584557,0.9331606608760444,1.4764261739824398,22,2.0,0.35020807999542125
9,2,4,1,2,-1.05363936648307,69.1718849601208,22.08122733990838,21.52492269019408,-0.013653139401885237,2.280511737841485,4.4256080895846,70,44.0,0.5034290675830897
9,2,4,1,3,-12.9471381961114,26.8027633594836,10.873047605271717,12.906261314576282,0.0030793137942178367,1.022191972390478,2.08348059933222,40,1.0,0.9296572371584655
9,2,4,2,1,-0.833935813782894,18.6792126992358,9.954598796558823,4.692715135869386,-0.02038947803080376,0.7766575171160852,1.38803369670227,20,2.0,0.35020807999542125
9,2,4,2,2,6.98077817333506,33.1733192724868,20.181004116370975,6.617320167381394,-0.0290860389164311,0.8482882290316536,2.0103562834777016,26,44.0,0.5034290675830897
9,2,4,2,3,-12.7943522666808,26.1154121433689,6.896491123828886,13.618764910654626,-0.0073581325929643684,0.8786646797167731,1.5083649188274997,39,1.0,0.9296572371584655
9,2,5,1,1,-7.89327348187459,19.2316604331301,7.918999309813452,6.4153750405958085,0.01312238245647989,1.0891827050749365,2.0366191351336203,27,10.0,0.3476381288039575
9,2,5,1,2,-0.710828777828507,70.7824912676344,24.988298313129743,21.844031571763587,0.0009727613503053927,2.240093307867219,4.2417622702568,71,45.0,0.3268927075616715
9,2,5,1,3,-14.867449051223,28.8333968237268,10.958483801863464,14.109662259240174,-0.0029556594766425594,1.0964534104777173,1.9820962961501403,44,6.0,0.9458987012458866
9,2,5,2,1,-0.297987122743289,17.184385493058,8.764595294698145,4.5578790571241505,-0.005087343254966925,0.7449816689367763,1.3148421507446302,17,10.0,0.3476381288039575
9,2,5,2,2,7.79500420205959,34.1829168561153,20.29790695054539,6.943777628558673,0.02162021991836228,0.8761469038829462,2.2592591202284,26,45.0,0.3268927075616715
9,2,5,2,3,-12.3294391053503,25.2833948601733,7.5753745233951335,13.085552402084831,-0.011019756988166337,0.8511204353573825,1.4904393520815702,38,6.0,0.9458987012458866
9,2,6,1,1,-7.75916980947456,16.8120219799882,6.975252696214965,5.82254262075297,-0.003473462413393462,1.0225071591583892,1.91725978611613,25,2.0,0.5514428395644478
9,2,6,1,2,-0.530316345246785,71.3703364645992,26.100323733242295,21.918176048849883,0.015330377076783414,2.178573852239768,4.210722305906501,72,48.0,0.7476465083194626
9,2,6,1,3,-14.779853928887,28.329660416808,11.456856942019284,14.487336227152696,0.02029571558129901,1.0819726770736138,1.9713556792975506,43,4.0,0.959545691021737
9,2,6,2,1,-3.31439342430138,19.9476783602306,9.824541594715788,5.465808447446341,0.03459790023616465,0.8761634081829354,1.669744333048412,23,2.0,0.5514428395644478
9,2,6,2,2,9.22294936071375,33.3111886084939,20.50387109439697,6.64562872663506,0.01984304590209208,0.8979392319266841,2.089408258275597,24,48.0,0.7476465083194626
9,2,6,2,3,-12.4222137245534,26.9808922509043,7.994718216132386,13.71237175302138,0.02856885485634557,0.9072699516855081,1.90628977726535,39,4.0,0.959545691021737
9,2,7,1,1,-6.21568885021503,15.2553785332263,6.891435748085222,5.430293937459293,-0.0027410334983762304,0.919235037238255,1.42922411417458,21,0.0,0.4382776029264168
9,2,7,1,2,-0.314631910853389,67.8825631397947,23.46133188161658,20.432869980082184,-0.013164273791118902,2.2531424830403086,4.267357878871202,68,43.0,0.5867279848860049
9,2,7,1,3,-14.6691973485435,29.0885100287956,11.348302211637186,14.7386141962489,-0.017821113940302964,1.1450770129835242,2.2592386135140297,44,4.0,0.9400833986556422
9,2,7,2,1,-0.144065284917428,20.4252104423964,10.209197093235483,5.065536118563275,-0.013959215191631985,0.8353305671140017,1.2999341785872098,21,0.0,0.4382776029264168
9,2,7,2,2,8.95604419246814,33.5460073651751,20.45973251541758,6.393463192684548,-0.02386995631489208,0.8151446277392028,1.6568410374413993,25,43.0,0.5867279848860049
9,2,7,2,3,-13.1281482414943,26.9826019629804,6.988103076084914,13.708145473669921,-0.010535093254187129,0.8929399634106496,1.6513412426199015,40,4.0,0.9400833986556422
9,2,8,1,1,-13.4313089522228,13.0439815122639,5.262518301927411,6.422728614909362,-0.001929676844898108,1.052406099995297,2.1225659544505007,26,8.0,0.44048121488291847
9,2,8,1,2,-0.553734419689629,71.8879834241323,24.852359565743562,22.262940364487292,-0.0035296179728294035,2.3273373857246615,4.141844592285402,72,45.0,0.5255945280349599
9,2,8,1,3,-15.2623451904423,30.0905549999897,10.535719504528691,14.72528395885312,-0.00682380161579206,1.1423436590814258,2.1284583071974907,45,8.0,0.9611230418261039
9,2,8,2,1,-1.02917296188941,17.3389384465985,8.75732465230155,4.651336922727907,-0.0013122830982148482,0.784678744683022,1.32272061715198,18,8.0,0.44048121488291847
9,2,8,2,2,6.02561508467291,32.9938980586158,19.238959997665823,7.159719941575133,-0.029469789752024553,0.8977830631800156,1.9626795134355994,27,45.0,0.5255945280349599
9,2,8,2,3,-11.4097448010378,25.8640969743853,8.095544830948958,13.156641154405191,-0.026564360664222783,0.8540388358114059,1.5235356659144499,37,8.0,0.9611230418261039
9,2,9,1,1,-7.61774371434103,14.8747826743536,6.339840212715112,5.627771154187712,0.010578545346839607,0.8933667966109721,1.3762273506077696,22,3.0,0.4900337327762768
9,2,9,1,2,-0.471123263067459,70.3700126699005,23.126699480475505,22.091903621223167,-0.0003357027901439227,2.3115614680711305,4.3980433542771,71,47.0,0.6968250535687492
9,2,9,1,3,-14.045314392055,28.7538153985918,10.699524164222847,13.68779878383657,0.002660371238000997,1.075808854846525,2.1456815220025502,43,7.0,0.948602529537687
9,2,9,2,1,-1.34442535005713,17.3460782328538,8.56256441718775,4.875266540147235,-0.023266837323347427,0.8142767671350669,1.43741033644051,19,3.0,0.4900337327762768
9,2,9,2,2,7.53709524161166,31.3619812495105,19.513239884658816,6.4988925084570415,0.009269562961496126,0.8331706659751011,1.9263338568294,24,47.0,0.6968250535687492
9,2,9,2,3,-12.1101177174262,24.2260243389638,6.436928958395567,12.472780493299263,0.007497274405960394,0.821646828326617,1.4760359125381992,36,7.0,0.948602529537687
9,2,10,1,1,-14.4193347928255,12.3934805012186,5.373060559517292,6.654650018809458,-0.004064283460608514,1.133036891899268,2.2228254078972,27,10.0,-0.006691913602530804
9,2,10,1,2,-0.355258602537027,71.1469756438636,24.618626642904157,21.09504759116881,0.004079033155242542,2.384813586446439,4.244504224661,72,46.0,0.4616135463043724
9,2,10,1,3,-14.2804794076129,30.6507590130703,11.21134616533206,14.643844815474719,0.007637459740955421,1.1649709711678653,2.3826471021971907,45,6.0,0.9408790173877697
9,2,10,2,1,-1.83580789695935,15.3525410262125,8.449669756845806,4.40042238334554,0.046972345606784656,0.773087367433074,1.56844282071931,17,10.0,-0.006691913602530804
9,2,10,2,2,6.81383570320179,33.3010674913939,20.60092909868003,6.851435973824498,-0.010582329482829602,0.88375240904032,2.226016594308801,26,46.0,0.4616135463043724
9,2,10,2,3,-13.9072126601195,25.0941167340251,5.899532366275536,13.597063547644918,0.008735463498042566,0.8869930918935403,1.650075444240299,39,6.0,0.9408790173877697
9,3,1,1,1,-12.4901066550801,13.5560647303403,4.593822810541062,6.789520451109375,0.028120746356297133,0.9898988028340642,1.7458959483791503,26,18.0,0.9012946577701175
9,3,1,1,2,-0.533821821986515,69.6412815546535,25.998406484688793,21.663842056641478,-0.018580318268804602,2.1224512791006784,3.4717892341974945,70,2.0,0.9893688442225275
9,3,1,1,3,-11.5020530720962,28.4651661127882,9.374176991254927,12.730230714773985,-0.00750569829810694,0.9433561691118202,1.7978975858910893,40,-5.0,0.9927329939230066
9,3,1,2,1,-6.45580865807635,1.04549091267814,-2.2537493432407247,2.23655137380299,-0.003843344242252177,0.31523613715656756,0.76719562761083,8,18.0,0.9012946577701175
9,3,1,2,2,-0.966039021702845,66.9042920239925,22.7506410542626,21.86584402361782,0.011290073938894982,2.2031607541814244,4.250511955774101,68,2.0,0.9893688442225275
9,3,1,2,3,-13.9551777735521,30.8643620850706,8.569772018765484,14.665037516333674,-0.005256950805772262,1.0896763302990842,1.9808736110530987,45,-5.0,0.9927329939230066
9,3,2,1,1,-14.2034903155988,13.3340413836449,4.936299196206393,6.777848390450221,0.0029613844843221814,1.053127224806185,2.1085730463280594,28,22.0,0.7844904085763937
9,3,2,1,2,-0.912236683250607,68.9738530029599,24.03933571901003,21.74111183767046,-0.0019365515057240795,2.184736300842518,3.9370311123986,70,1.0,0.9813518321323467
9,3,2,1,3,-13.7216351753914,28.5163288272925,8.133307220792148,13.7591997815169,0.010657318791047525,1.0110625355763445,1.9998309263655702,42,-6.0,0.9580888696727552
9,3,2,2,1,-5.17089476079751,1.2013314622375,-2.15186964934023,2.2065141305305276,0.004204270424556833,0.28143369511711014,0.6912609559308001,6,22.0,0.7844904085763937
9,3,2,2,2,-1.13548622366633,67.6368754285975,21.838936473755002,23.882712964924707,-0.00232536098461093,2.219622001796029,4.414507089325799,69,1.0,0.9813518321323467
9,3,2,2,3,-15.5460500109749,32.1463420950135,7.301504514091148,15.658141596127335,0.023387600149941578,1.0988143678401063,2.0450105540069305,48,-6.0,0.9580888696727552
9,3,3,1,1,-14.8549376493135,13.9167087426627,5.411810654150368,7.019893137598762,0.001716005187129894,1.123261887528716,2.366587564683531,29,21.0,0.8240636942316613
9,3,3,1,2,-0.861835334875682,69.2823954677103,25.172923145490707,21.631235374866403,0.00531310105232918,2.17454719918749,3.9279625911088942,70,1.0,0.9862308657792415
9,3,3,1,3,-14.0083734993485,29.1726109602411,8.726302360954543,13.905562540106725,0.006165253742625727,1.0225476322035323,1.8986325032548799,43,-4.0,0.9727648440363309
9,3,3,2,1,-6.34250759572094,1.23768028031418,-2.451913793316944,2.336224170700894,-0.004683891812623565,0.3245552696867874,0.7156632700171999,8,21.0,0.8240636942316613
9,3,3,2,2,-1.38611852599867,67.6876381416349,21.320855200497096,23.336443728227696,-0.009261367874540193,2.2957771532187716,4.387324229915695,69,1.0,0.9862308657792415
9,3,3,2,3,-15.3123168406748,32.0741256920977,8.046565950627686,15.5764665412547,-0.013587623364136636,1.1474673681503074,2.068158333365,47,-4.0,0.9727648440363309
9,3,4,1,1,-9.34114354214093,15.7346509188187,5.76021783285005,6.154192693287222,-0.010520617919955549,0.9865110613226051,1.61237462320334,25,17.0,0.7674711212996481
9,3,4,1,2,-0.455335125868301,69.459914660183,24.528999409943527,22.071442973095497,0.007814522595847414,2.1646168071844,3.973357517404999,70,1.0,0.9887607513660086
9,3,4,1,3,-13.0764412537812,28.1831894463782,9.087451321292797,13.482134613881644,-0.005373633809881187,0.9768491799776546,1.8035547872295803,41,-5.0,0.9803201732428444
9,3,4,2,1,-6.32181233694003,1.25515539508861,-2.5247411697467483,2.728267255568101,-0.015081662528261085,0.31646218742654825,0.8333603823579101,8,17.0,0.7674711212996481
9,3,4,2,2,-1.45266547627366,67.6110189514749,22.313387273907463,22.97124226678941,0.03210156769357099,2.250469369311822,4.4856753518257015,69,1.0,0.9887607513660086
9,3,4,2,3,-15.1515789268835,31.3219804599413,8.049396240307605,15.010096925430666,0.00384447641715147,1.096793204150275,2.0282669016663197,46,-5.0,0.9803201732428444
9,3,5,1,1,-10.5461613156635,14.1254435388811,6.183387276043618,6.185481840612876,0.019490407060542066,0.9910697218387549,1.9682022158816599,25,18.0,0.7554134178297298
9,3,5,1,2,-0.0180589028992552,67.749260182183,24.596779931165738,20.683805454822746,0.0019707419484862663,2.1121790337036743,3.9526630618575993,68,2.0,0.9764137439941355
9,3,5,1,3,-12.9415704802013,29.1056425435378,9.846548110476737,13.484450746096382,0.013968777131021792,1.0014923257829302,1.9837005940370993,42,-3.0,0.9612760661571533
9,3,5,2,1,-5.70436698470653,1.65768590495748,-1.9336132095576237,2.247723781810922,0.022335900887289605,0.2843209056182949,0.7216692668744402,7,18.0,0.7554134178297298
9,3,5,2,2,-0.69367823631281,65.6517418768394,21.791093156784175,22.325464162818367,0.013317342415607815,2.108922285022805,4.3405487239927005,66,2.0,0.9764137439941355
9,3,5,2,3,-15.1095408375138,29.5929525040294,7.672507265095552,14.984912726796413,0.00675219380289703,1.0557620023561347,1.98275196159909,45,-3.0,0.9612760661571533
9,3,6,1,1,-8.45422332721231,13.7647580100908,6.705704444371435,5.519815909769318,-0.005928941755609499,0.9036739951914525,1.5981675339113997,22,16.0,0.7847194084302683
9,3,6,1,2,0.0453337181050988,70.3269454923191,26.189417086188936,21.490055137426516,-0.00234002028397512,2.1987078141257923,3.8878604568964974,70,2.0,0.9753641152227093
9,3,6,1,3,-12.5560976322332,28.6463567250648,9.99960048731165,13.360586180688719,-0.004528159118350497,0.973952494114372,1.84278356847354,41,-5.0,0.9708343910233178
9,3,6,2,1,-4.97910616149492,0.907669404475994,-2.2099050865683147,2.04377449365883,-0.004189606032633762,0.2823679288160601,0.7339211622460398,6,16.0,0.7847194084302683
9,3,6,2,2,0.283359415530806,68.463241069906,23.575821012714385,23.32030853800279,0.004807728264529202,2.166695825593875,4.3655910696807965,68,2.0,0.9753641152227093
9,3,6,2,3,-14.1373173220191,31.7588504624061,8.773422872570581,14.783121518782135,0.004428173119594072,1.0639161752971757,1.96264381417082,46,-5.0,0.9708343910233178
9,3,7,1,1,-9.9784394371738,14.9131207867205,5.824941577190354,5.972289142496343,-0.011774602857625148,0.9789433138707195,1.75362263832291,25,18.0,0.748751250154456
9,3,7,1,2,-0.585865624184248,70.580802424502,24.878760070947788,22.189621287384767,-0.00485085480282897,2.242866641529381,4.074591409462599,71,5.0,0.9816259246195752
9,3,7,1,3,-12.0017036180472,29.7223512244001,10.355048847687621,13.206684616425639,-0.014799835983859411,1.00870767618254,1.917678383384707,42,-5.0,0.9475394875167329
9,3,7,2,1,-4.86035999568868,2.1492944828793,-1.7951712613617128,2.2050148083730376,-0.000939629060433762,0.284302569787269,0.62920930389854,7,18.0,0.748751250154456
9,3,7,2,2,-0.805109299336591,65.5121733755995,21.814123523982015,22.210524184764907,-0.0023791067221840593,2.084911962506074,4.3225503611087,66,5.0,0.9816259246195752
9,3,7,2,3,-14.6358394180672,32.2819982669852,8.71671314471242,15.29363573249817,0.01482409011720397,1.0758714099904718,1.9776541599603998,47,-5.0,0.9475394875167329
9,3,8,1,1,-12.5418071664264,12.6026412201107,5.498982967330978,6.5409753026490165,0.0022624914806715826,0.9733290227655802,1.8579804668987405,25,18.0,0.7502162015819107
9,3,8,1,2,-1.1154718331529,69.5154685880727,24.628250798812854,21.230232668908073,-0.0034234261235852053,2.2363431996602694,3.908275202744001,71,6.0,0.9552891670850006
9,3,8,1,3,-12.2080485940907,30.106823752666,9.549135439223516,13.18348447150493,-0.004607292810349496,1.0376126172750537,2.00651390239687,42,-4.0,0.947898939704872
9,3,8,2,1,-5.22580062121665,1.52057849610437,-1.7426329215018388,1.9096894209416413,0.0063060561970132685,0.25356459041125645,0.5734134674876299,7,18.0,0.7502162015819107
9,3,8,2,2,-1.52874796418217,63.8851153342106,21.492850762301668,22.106013610622156,-0.01637141495364369,2.099378119581717,4.177954411284901,65,6.0,0.9552891670850006
9,3,8,2,3,-15.4260404204986,30.4870923166149,8.093450358776215,15.274167503011293,-0.0071467095434970445,1.0686889714908312,1.8779534222147003,46,-4.0,0.947898939704872
9,3,9,1,1,-15.2915782389735,13.6532570658132,5.1627832641282,7.0325357879033525,0.003260430559947718,1.1153831649591224,2.391467857406651,29,23.0,0.7213344915509509
9,3,9,1,2,-1.0569472585497,68.1351180809741,24.844453662463437,20.890412758993545,0.006766521555059722,2.1749205462427974,3.923383049947205,69,3.0,0.9668211001204049
9,3,9,1,3,-12.4953682278805,28.6775121590811,9.448313515740347,13.190936509804985,0.007949110320301982,0.9994826782803585,1.8343494577011719,41,-5.0,0.9559828746059263
9,3,9,2,1,-4.76421217440082,1.61441686419214,-1.5492687062748578,2.029827301469166,0.005913305996700596,0.2818705463938003,0.7873984817903401,6,23.0,0.7213344915509509
9,3,9,2,2,-0.556167510040594,65.6500597583322,22.432277285420728,22.783294072582375,0.037134485954558975,2.0834710791359177,4.214380546431901,66,3.0,0.9668211001204049
9,3,9,2,3,-16.1110219728582,30.2733275647303,7.990797276637792,15.419589666168408,0.007843354662453466,1.0715614765659216,1.9562777322803404,46,-5.0,0.9559828746059263
9,3,10,1,1,-10.286223088737,14.1308210834441,5.654333545156422,6.1406841170335404,-0.004908897640424755,0.9504696656274069,1.6136532162043702,24,17.0,0.84646303479004
9,3,10,1,2,-0.337847777230015,70.2299761877895,25.667909357586005,21.884908130437534,0.0024905807286421467,2.207155636573134,4.011923313139498,71,4.0,0.9807183791507414
9,3,10,1,3,-14.1075895341357,30.059144758662,9.519266669770587,14.269010855313946,0.01841591645743763,1.046019258044753,1.9691611199849302,44,-2.0,0.9720968267873625
9,3,10,2,1,-5.3797166831065,1.23527297044299,-1.9337922110636003,2.1652385272739516,-0.009374210025887425,0.2901967048920027,0.6677170622475601,7,17.0,0.84646303479004
9,3,10,2,2,0.0638774005902229,67.2471735457995,22.799566502259186,22.419044394752795,-0.04213083135525205,2.2024034492880675,4.522480263833504,67,4.0,0.9807183791507414
9,3,10,2,3,-15.2551470137126,31.2172124337054,8.843775015263716,14.952571426073744,-0.008383734061405919,1.0957532885611758,2.0598102472925,46,-2.0,0.9720968267873625
10,1,1,1,1,-9.52585494591703,18.0098485157652,6.170576053481273,6.322864858398949,0.003289130419314752,1.0156004595219006,1.4031474566129098,28,1.0,0.9101842598419024
10,1,1,1,2,-1.77894575723317,63.9223689647471,20.673118814307063,20.83205928949658,0.02362198590499364,2.087054650010697,4.148888026851402,66,-3.0,0.9903054856404234
10,1,1,1,3,-8.26629254310892,32.3313147524203,13.875648439810869,14.237842325064735,0.0023558823803485167,1.001275680003791,2.0527336294652803,41,-2.0,0.9896704518140486
10,1,1,2,1,-8.42436309862567,18.8500847973647,5.667781514250798,7.18825404400298,-0.022283378273924653,0.9511699775431112,1.1128560964741503,27,1.0,0.9101842598419024
10,1,1,2,2,0.106880719808945,69.443388345572,22.96938302042448,23.02615695965331,0.0026272485660151766,2.2314163827283395,4.311342678405602,69,-3.0,0.9903054856404234
10,1,1,2,3,-9.54909459320444,33.6745470879483,13.758566412398789,14.575300642923155,-0.011680955111607928,1.0300586294286413,2.0733132595038395,43,-2.0,0.9896704518140486
10,1,2,1,1,-9.56400829625201,17.4990506394458,5.732743016299794,6.461993834248769,-0.017580969983711284,0.9850382645691145,1.1222995731774201,27,2.0,0.9783707624375791
10,1,2,1,2,-0.950731878545442,64.5506428771403,21.997477409045054,21.309714633100334,-0.021934466871465292,2.103545829434773,4.079289501059904,66,-3.0,0.9993172333137704
10,1,2,1,3,-6.9398164891275,32.0764262815252,14.326713379910727,13.528189108458761,-0.006616370772197008,0.9421150124429241,1.9676661820902899,39,-4.0,0.9981891202738515
10,1,2,2,1,-8.13258716626871,17.2905481288643,5.512701384069087,6.570893348067869,0.004156597223154354,0.9022299045426326,1.0430140807136703,25,2.0,0.9783707624375791
10,1,2,2,2,-0.831721296882594,67.9321722981698,22.748591648735868,22.429180670977885,-0.003967159204138861,2.234213758115434,4.235302389012599,69,-3.0,0.9993172333137704
10,1,2,2,3,-8.54471685405291,34.2261955104767,14.512178614668741,14.412136359733353,0.011437376853202952,1.0265941142410044,2.2023229516644003,43,-4.0,0.9981891202738515
10,1,3,1,1,-9.44246842440786,16.974687557886,5.271333135996328,6.342104671523063,0.00950061856454357,0.9844384493700686,1.0747784401154208,26,5.0,0.9447646677182239
10,1,3,1,2,-3.30010683328946,65.8577301506699,21.956760859886366,21.859702396795363,0.038133308872558135,2.166193315940545,4.131253085950398,69,1.0,0.9954778467589784
10,1,3,1,3,-7.51046174259855,34.4658294503711,15.370526114462495,14.168262762772564,0.012653265908842564,1.0110583836620024,2.00421912228658,42,-3.0,0.995454863789635
10,1,3,2,1,-3.56434442064085,17.9038104348179,6.535649797508458,5.8016634563251275,0.02421016587639941,0.760258690305497,0.9792148638548497,21,5.0,0.9447646677182239
10,1,3,2,2,-1.07285979155893,66.9362306428759,22.73501131186108,22.245316761724617,0.06237945405683194,2.0975512526027127,4.048502310532498,68,1.0,0.9954778467589784
10,1,3,2,3,-9.82872788854114,35.4978802245148,13.768280338192922,15.640856826173916,0.023936353834018813,1.068259601544386,2.28073412807286,45,-3.0,0.995454863789635
10,1,4,1,1,-10.7285116478016,17.9683612223455,5.597117735794197,6.900814362480686,-0.012528874671273268,1.0238556195656,1.1926878052927101,29,6.0,0.9795651740765492
10,1,4,1,2,-0.578363199329175,65.3463327324196,22.562308009727417,21.4230260265635,-0.04512707531266134,2.1437527293836,4.061646292093499,66,-1.0,0.9957642385225154
10,1,4,1,3,-6.18891155453576,33.6877405386414,15.218901095248164,13.634641518614321,-0.009683758209303958,0.9790708433368862,2.04006699437322,40,-4.0,0.9987304473937652
10,1,4,2,1,-6.76109945940465,16.6095264052657,6.178541935518465,5.927111868720873,-0.02288464038467346,0.8516423006077108,0.9231617642658496,23,6.0,0.9795651740765492
10,1,4,2,2,0.2611754601854,67.1215076918119,22.40053518263214,21.902144740159766,-0.04330294071746931,2.1741472166304683,4.382050516088,67,-1.0,0.9957642385225154
10,1,4,2,3,-10.1478624264394,34.3018710323225,14.346107120240344,14.990147785634456,-0.02212866890485842,1.0733721461545815,2.2451117035533,44,-4.0,0.9987304473937652
10,1,5,1,1,-10.1046468638282,18.2535332227544,6.157667111471638,6.8814187744438255,0.026885515055845056,1.036197294221424,1.3398314665013897,28,1.0,0.9561406172721146
10,1,5,1,2,-0.49170774741636,64.8541543518072,22.551544682550563,20.425850860030913,0.02322280710167841,2.0753532759852136,3.873870316314097,65,-5.0,0.9970505601260059
10,1,5,1,3,-5.32555457179828,31.5843542824422,14.857855084116407,13.039090735207452,-0.0019040516761168358,0.9336374154637156,1.954070626122439,37,-6.0,0.9967433093705829
10,1,5,2,1,-9.88688605660765,17.3677378998532,5.382248906548635,7.072368935589929,-0.00838515511441683,0.9192345430280192,1.0630269341687604,27,1.0,0.9561406172721146
10,1,5,2,2,-1.34706396399086,68.7326931715822,23.420909805270842,22.575577115795358,-0.008451837642828395,2.2321812218525245,4.117145944480704,70,-5.0,0.9970505601260059
10,1,5,2,3,-9.44786151359209,33.9857347867663,13.744427589171494,15.112035901051494,0.007939124790114865,1.0463028772190486,2.21356181805056,43,-6.0,0.9967433093705829
10,1,6,1,1,-10.6118272367824,16.0793037410618,5.880290219642007,6.3069635362663705,-0.016392770779265542,0.9768366907167896,1.3960017907862996,27,0.0,0.9603466160442735
10,1,6,1,2,1.30384824758428,64.8782263000102,22.808074385182486,20.764998852898383,0.014477998348060692,2.052726369298717,3.9550938369942017,64,-6.0,0.9963629796519043
10,1,6,1,3,-7.40287871180234,31.8902696418427,13.949980032081806,13.555773309651986,0.0022011209255029737,0.946385962490542,1.9710060902205102,39,-4.0,0.997028033516153
10,1,6,2,1,-9.67322541089069,16.993741256411,5.131911706101739,6.979719472065823,0.014421850346681487,0.9266697750125774,1.17644087581228,27,0.0,0.9603466160442735
10,1,6,2,2,-1.81609706518869,68.558963202054,22.94700452834687,22.555253173670767,-0.023086831628071413,2.2579205749601714,4.1886171922309,70,-6.0,0.9963629796519043
10,1,6,2,3,-9.48964777713162,33.8464276774572,14.490733330153233,15.06772207067336,-0.018988344034048532,1.0744134309465452,2.1529893633202004,43,-4.0,0.997028033516153
10,1,7,1,1,-10.7363532153776,16.5321300744811,5.581009721152345,6.417235857345409,0.010052828818502871,1.0055452954216697,1.4883211491849195,27,0.0,0.9705424485094687
10,1,7,1,2,-0.190419741717324,64.9805895924268,21.856391521443427,20.965497182919552,-0.03218020055687514,2.1321486675514056,4.096520993805996,65,-6.0,0.992596509380672
10,1,7,1,3,-7.57254076836827,33.3118856042231,14.737845399300662,14.01207708553323,0.003299299055880227,1.0042469147178243,2.0680065081486703,41,-4.0,0.9979101220156417
10,1,7,2,1,-8.71832059513637,18.6345398850206,5.8320038729637105,7.214524435112303,0.002790125517481289,0.9686449293824767,1.3386296922186798,27,0.0,0.9705424485094687
10,1,7,2,2,-1.82558530115424,69.1404131063812,23.058021620389887,22.33615612704559,0.014146342934435837,2.2777861955766103,4.0548389613542,71,-6.0,0.992596509380672
10,1,7,2,3,-9.14106146004149,35.5754215936022,14.462782250323901,15.03917329652958,0.015685473082128715,1.0744193548628462,2.26645375732973,45,-4.0,0.9979101220156417
10,1,8,1,1,-6.1452951294331,18.1483541414255,6.0476411211184224,6.039481498469393,-0.009866346905894954,0.9377199955129532,1.0807470691448782,24,-3.0,0.9685958833228109
10,1,8,1,2,-0.0135904270300602,66.5736618580655,22.670608761987467,21.854228204891808,0.01761914538021379,2.137593217416609,4.006317213142204,67,-3.0,0.9965938186802412
10,1,8,1,3,-6.53966560595539,34.5435066701782,15.427680153289643,13.656642710684903,-0.0028404484686327005,0.9821893785827628,1.8796029126939393,41,-4.0,0.9980319651496807
10,1,8,2,1,-9.33324639658419,17.1812297721776,5.590991080184609,6.751258437243226,0.0205614761959298,0.9006947030352431,1.0717070482393698,27,-3.0,0.9685958833228109
10,1,8,2,2,-0.51286672301842,69.5690847297625,23.75583388238584,22.85330264367402,0.05215304354254168,2.1806899430865347,4.2918501088852,70,-3.0,0.9965938186802412
10,1,8,2,3,-8.44351404332129,36.1601609941428,14.799585436169005,14.960187714926176,0.007023553554803943,1.0643240574446586,2.19334173944526,45,-4.0,0.9980319651496807
10,1,9,1,1,-13.2545301189981,15.5259763673396,5.1833310672824675,7.226760521966326,0.029407965182693462,1.0479378040621403,1.2887126330983794,29,4.0,0.947570910736957
10,1,9,1,2,1.88504955964131,67.3151662913121,23.470772406010653,21.326783130074094,0.025698996249279904,2.09658855112961,4.032791925881099,65,-3.0,0.9971015828160863
10,1,9,1,3,-5.82130807857225,34.8792185700975,15.242111217882313,13.68652489002103,0.005985013157588132,0.9846354103492704,1.9947318256926394,41,-2.0,0.9981713004824416
10,1,9,2,1,-8.80423893595041,16.1828475171479,5.617452486544461,6.514113652492902,-0.03141509115606485,0.8678825225958697,0.8838929228955301,25,4.0,0.947570910736957
10,1,9,2,2,0.373996991424342,68.2240721378951,23.383255364109,22.30775958624254,-0.015308594818231285,2.153974236521787,4.063982140211596,68,-3.0,0.9971015828160863
10,1,9,2,3,-9.10088229876453,34.3143335924794,13.879734481229272,14.811017869878226,-0.006722709108035622,1.032543958436842,2.11271630813364,43,-2.0,0.9981713004824416
10,1,10,1,1,-8.67850095148469,18.2278325957878,6.4946753891084725,6.308584440716439,-0.029992948253605954,0.9720686081083392,1.2668185678997403,27,-2.0,0.9703744325204791
10,1,10,1,2,0.142721147825276,64.9889596976607,22.28553504760199,20.98680649476845,-0.03977846367714322,2.072846094130921,4.001985254147499,65,-5.0,0.9930720325503707
10,1,10,1,3,-6.78484520706232,33.7286083502716,14.616605135226468,13.89270978971138,0.006588276435521796,0.9627146938621562,1.94411880808381,41,-1.0,0.9944519566104787
10,1,10,2,1,-10.8917738635063,18.1084691480511,5.207284260460097,7.510006438937239,0.0022098939096295077,0.9854919492749257,1.0941104609612502,29,-2.0,0.9703744325204791
10,1,10,2,2,-0.207609996981758,69.8615680672671,24.78341433151187,22.722951684563462,-0.031306872254593346,2.1706020492408267,4.2010530828891035,70,-5.0,0.9930720325503707
10,1,10,2,3,-7.00509879931131,34.6814848244999,15.609356022948328,14.044506157961619,-0.0029248379304584226,0.9962860158958594,2.08902077102959,42,-1.0,0.9944519566104787
10,2,1,1,1,-9.47858931637956,11.7951012949159,5.774144175506063,5.559781101637973,0.015516005156562375,0.9325097622135459,1.3860381158039399,21,6.0,-0.08837831406231779
10,2,1,1,2,-0.433138510902847,58.9705855066046,20.32279012009729,18.962017056747445,-0.009372184354521642,2.0431756646377743,3.8511339598431995,59,42.0,0.4950726901541727
10,2,1,1,3,-6.16090523953481,34.7516233211604,18.284321304495645,13.91572029604403,0.0003440126609108752,1.033948709591481,1.8898292695818903,41,2.0,0.9549013394377922
10,2,1,2,1,1.10353755136864,16.1684318878919,11.261640275751205,3.9368490502819022,-0.018146412257569303,0.6939643993722439,1.3884543467367,15,6.0,-0.08837831406231779
10,2,1,2,2,5.27646237699865,22.5914134725453,11.82590420689839,4.624657087743596,-0.0032737139496192068,0.574013480201889,1.3529028003753005,17,42.0,0.4950726901541727
10,2,1,2,3,-11.5498043107465,27.0007897509788,7.572779883563494,13.397374293011877,-0.001046726745926735,0.8765548626309476,1.7622345985678116,39,2.0,0.9549013394377922
10,2,2,1,1,-13.9871478388034,11.4740804642056,4.559093774640819,6.051044404486455,-0.011339999918058409,1.0691365327403979,2.145551577178229,25,11.0,-0.16503598837599867
10,2,2,1,2,-0.289411991413118,58.7194995657268,18.428871309499726,19.242240990030446,0.008711758202376357,2.0277493804113482,3.9985589779930955,59,43.0,0.3018233864201571
10,2,2,1,3,-8.68055148312565,34.3009571653426,16.76329677156983,15.045440627453724,0.014116973769801968,1.080909002749345,2.0527404975438,43,7.0,0.9524057711506487
10,2,2,2,1,1.28221400632058,14.78762163728,10.341898751385811,3.6123982158800185,0.005536986691535645,0.653385876393548,1.2751547408601205,14,11.0,-0.16503598837599867
10,2,2,2,2,5.78530349283033,21.4967960702671,12.05980201277591,4.470263648843735,0.0018823401628672322,0.6149835923197702,1.4456225745721003,16,43.0,0.3018233864201571
10,2,2,2,3,-9.36349439507421,26.3229599089378,8.74375375455514,12.315617665100412,-0.015048690783698032,0.8077524205481342,1.50473371359279,36,7.0,0.9524057711506487
10,2,3,1,1,-11.4060437615894,12.266708655173,4.1222293773206555,5.6727993836783845,-0.017767993935430597,1.0335692632207198,1.5043367790970201,24,10.0,-0.10007310057428853
10,2,3,1,2,-1.81455878241811,60.7531126119511,18.708263776214906,19.78994261670481,-0.02591184701279782,2.160206222156498,4.347732918774199,63,42.0,0.21348952599187274
10,2,3,1,3,-6.91189076592324,35.6295750960301,18.284145937938458,14.249800165670322,-0.01578470469241287,1.0580967656036102,2.056585915105501,43,6.0,0.9149882305673772
10,2,3,2,1,3.10197004804694,16.9432260160908,11.285616971096355,3.4284740046497593,0.007008491612141587,0.6529693489619496,1.1752617724057606,14,10.0,-0.10007310057428853
10,2,3,2,2,4.46005516361081,25.6430209463634,12.779835181225682,5.633713016962248,-0.015163355014103857,0.766960749938766,1.7232457136389012,21,42.0,0.21348952599187274
10,2,3,2,3,-8.9697406197478,28.380294824243,9.285396399400268,12.430640846860275,0.030602133583013887,0.799922834789848,1.5146522375566,37,6.0,0.9149882305673772
10,2,4,1,1,-13.6037764031964,11.330863779639,3.9967502323569395,6.283492481118906,0.014311924996951782,1.0346355428405205,1.6455089638276394,25,11.0,0.0932245460561538
10,2,4,1,2,-2.45628135573152,61.9808760521731,19.66167926612329,20.215788858688676,-0.007206399667253666,2.2269384901040654,4.3391938598253965,64,48.0,0.4567526818298827
10,2,4,1,3,-6.51302605509099,37.2910002763029,18.67520987934874,14.562622766293474,6.814879259306159e-05,1.0910310834920287,2.130754705454,44,5.0,0.9143906061084157
10,2,4,2,1,3.33512420156087,17.5806067598034,11.348972276132143,3.7495284560354007,0.015236536752283173,0.6425589872186794,1.00574655112192,14,11.0,0.0932245460561538
10,2,4,2,2,4.69575464816035,20.6252528111659,11.911997774394312,4.155356267543021,0.008698228846087924,0.575614250362615,1.2422399312929286,16,48.0,0.4567526818298827
10,2,4,2,3,-9.4650831423385,29.7849821644924,9.0029580509762,13.374476235877795,0.01731956316525941,0.8578841562414328,1.5855756763696292,39,5.0,0.9143906061084157
10,2,5,1,1,-9.38799060891214,10.3777277712683,4.719111036673646,5.0792382582671225,-0.003486330035961085,0.8815253592369037,1.41497231520566,20,6.0,0.22083439627648307
10,2,5,1,2,-2.07824595976966,57.8029095370378,19.20387752417738,18.734668116910857,0.029968220683495656,2.0765909254074266,4.557822960666499,60,43.0,0.4764276980709461
10,2,5,1,3,-9.76324753926198,36.3716208700046,17.713998182287355,15.183949054228835,0.010227530963788114,1.1114658917134914,2.28692819637829,46,8.0,0.9201837456627969
10,2,5,2,1,4.26654012866811,18.5693160496338,11.623097473855413,3.6553794104845334,0.000898249233169299,0.6611565083414391,1.0367263091067604,14,6.0,0.22083439627648307
10,2,5,2,2,5.80131775867544,22.9654632263722,11.973539680488761,4.833825648293301,0.00957057360477337,0.642451975798591,1.5109141854046015,17,43.0,0.4764276980709461
10,2,5,2,3,-9.13126397483167,29.3020865075399,9.019567726658005,12.90234794497157,-0.0022574625016098856,0.8443872963797304,1.4688435377671798,38,8.0,0.9201837456627969
10,2,6,1,1,-11.7486151114685,11.4594411925096,5.218531484656329,6.113439689628612,0.013281580660332193,0.9904475043654317,1.505020933857991,23,10.0,0.08111726267416024
10,2,6,1,2,-0.70137662650375,58.1744563298646,19.619119089968596,18.136650532794683,-0.012484216776452322,2.03433652723169,4.0432959265151,59,45.0,0.44592023325621827
10,2,6,1,3,-7.15640391583847,36.078130884444,18.469585143358046,14.828874660808602,0.007308072369143571,1.0874805636387044,2.0572120643583993,43,5.0,0.9458884117574765
10,2,6,2,1,4.03203839976407,17.0463086165365,11.91868597273924,3.3761552377660493,-0.0024894109236376087,0.6307005760664781,1.02274916456191,13,10.0,0.08111726267416024
10,2,6,2,2,7.19566483923827,21.2884618403302,12.764576446076456,4.064160541555506,0.0016342672845702953,0.5673990519284322,1.224961514084999,14,45.0,0.44592023325621827
10,2,6,2,3,-8.71888829726634,29.1642021912949,9.700314841015445,12.911453980976976,0.0004670666992831589,0.8374929828859919,1.4958718944587002,38,5.0,0.9458884117574765
10,2,7,1,1,-12.8229516214248,11.6678371579596,4.873644857992464,6.180579604843178,-0.0037421357212285,1.0482725486961129,1.7463281185282105,24,10.0,0.11730595505792361
10,2,7,1,2,-2.40380248232706,59.5941721237169,19.63780077334093,19.047232341206584,-0.027329134074662764,2.1156268736856667,3.951033208535101,62,48.0,0.4171660698266116
10,2,7,1,3,-6.61750298914518,37.0189093938965,18.44390385372002,14.731509303206156,-0.01557005272929009,1.0757058675678317,1.9916712654979989,44,6.0,0.9650400757294086
10,2,7,2,1,3.72889949163073,17.9396859682313,11.294691580175522,3.504455832838998,-0.010680321875880196,0.6630590387464546,1.0917612543930302,14,10.0,0.11730595505792361
10,2,7,2,2,6.58129237415117,20.2644179077749,11.83657839173222,3.8700957159670897,0.004577829623686733,0.5988638123155902,1.3481736946783993,14,48.0,0.4171660698266116
10,2,7,2,3,-9.08639761071933,28.7551186567261,9.947943121593353,12.957937114881487,-0.00913245525019207,0.8471400861332747,1.5518625288115988,38,6.0,0.9650400757294086
10,2,8,1,1,-11.4325520980462,11.7948091703994,4.867398867546987,5.90536380779321,0.010420153685197915,0.9956101531823103,1.4795783415708605,23,11.0,0.012791229880286619
10,2,8,1,2,-2.01961333323719,59.5344795775523,19.206887707371344,19.414387679891625,0.003698855144303668,2.1658913457399045,3.870333723156701,62,49.0,0.45427260609708586
10,2,8,1,3,-5.85127284259654,37.4231391617164,19.24313381553217,14.829972398024665,0.005444142672334639,1.09861307451494,2.0225573168515005,43,5.0,0.9386243343049636
10,2,8,2,1,4.26543315824254,16.1337635752774,11.173302846880901,3.3126563094300603,0.006582568135587128,0.580452659157006,0.9064359245220901,12,11.0,0.012791229880286619
10,2,8,2,2,6.57608969769364,19.5737367472562,12.121749828947454,3.646333722223039,-0.006495268854444159,0.5351708766630462,1.2671322437706003,13,49.0,0.45427260609708586
10,2,8,2,3,-8.43100238032413,29.8234180526625,9.622969891305383,12.82060418176274,0.019293477318840603,0.8376230702896689,1.5721346885420004,38,5.0,0.9386243343049636
10,2,9,1,1,-11.5777839327856,12.2483716964428,4.885881290984085,5.929791623738135,-0.0029023248011217713,1.0257488588957855,1.4750698442314105,24,13.0,-0.09131873493043507
10,2,9,1,2,-2.77465634771792,60.1560331218263,19.386118761182036,19.45750339849053,-0.011713358048112469,2.177975693252963,4.269765447736599,63,48.0,0.33653850419159614
10,2,9,1,3,-6.47253186444152,36.6702058009532,18.974033369426625,14.370496360735665,-0.014788462800779218,1.0675866878095024,2.06136819011469,43,5.0,0.9423852432640876
10,2,9,2,1,3.86133256989017,14.6245137281311,10.75592557974567,3.1670272152482757,-0.013377509302062367,0.5884213842215703,0.9411717555561205,11,13.0,-0.09131873493043507
10,2,9,2,2,6.74994858421748,21.9069802718975,12.449900317589714,4.036027563587648,-0.004205147807317623,0.5622013447771647,1.3351841416461987,15,48.0,0.33653850419159614
10,2,9,2,3,-8.09686599181044,29.5370429041845,10.562664234081263,12.925465901606989,-0.004550516160936621,0.831170407512479,1.3835217038607794,38,5.0,0.9423852432640876
10,2,10,1,1,-15.0504404808858,11.9263862938453,4.405595067389374,6.822749706541058,0.016520712301389597,1.1467075808919855,1.9211901261803597,27,14.0,-0.034248273944966906
10,2,10,1,2,-2.36003531044911,60.7942689633845,19.643638213522344,19.443009316415598,0.023063900105021296,2.16059423626828,4.182374020402101,63,49.0,0.11389802684591636
10,2,10,1,3,-5.53246737852827,37.5480871572997,19.621248288636313,14.798385876936102,0.024326480805888104,1.1072731332818524,2.1798184363926305,43,5.0,0.9399117170089069
10,2,10,2,1,3.48098311509842,16.0623830441575,10.244785361352996,3.3268662526091686,0.0016462285783712901,0.5878110022150158,0.9790950819919502,13,14.0,-0.034248273944966906
10,2,10,2,2,5.71931605718464,19.5675406408312,11.238617247340205,3.689577446862777,-0.008210887369896927,0.5235061162318883,1.308584757242901,14,49.0,0.11389802684591636
10,2,10,2,3,-9.37185738788563,28.9757198535588,8.818587735953777,12.446492288577463,-0.04170373008575744,0.8028561282881158,1.3565053936399991,38,5.0,0.9399117170089069
10,3,1,1,1,-13.1252370768207,12.5854604155872,4.666872674418462,6.414135044765471,-0.011512206023495442,1.0295432318182003,1.4670690743668011,26,20.0,0.5406935121610869
10,3,1,1,2,-3.12854720907601,57.9762947276763,17.75789131979181,19.099143836920046,-0.01097682267362871,2.0830952115913703,4.000905454005299,61,9.0,0.9749415886031667
10,3,1,1,3,-9.30617719921383,31.24700580115,14.517014472837069,13.762146231238614,-0.013156970062796017,1.0327708418634503,2.03284784157212,41,-4.0,0.9348794345063896
10,3,1,2,1,-7.39373151584558,-1.66030613852436,-3.939293603740658,1.3063451111386872,0.0011834963627413843,0.2908429665578705,0.7720718262447699,6,20.0,0.5406935121610869
10,3,1,2,2,-2.8340992640078,49.4100675676829,15.128038330449808,17.112219854665007,-0.0063578147611184545,1.7232299838476248,3.6401099531551004,52,9.0,0.9749415886031667
10,3,1,2,3,-13.605684598152,31.2190748498771,11.84062030911187,14.819233519019262,-0.00240115908677824,1.0280523752576816,1.91224606529509,45,-4.0,0.9348794345063896
10,3,2,1,1,-15.120226350544,14.0097074130271,4.721810715495607,6.909621478827796,0.003528179138575951,1.11558688825697,1.9821513354763116,29,24.0,0.39662131842225296
10,3,2,1,2,-3.3716434130824,57.8590045895179,15.359590814154403,19.792723784339984,0.004061279270464947,2.0660401596675677,4.058719887478102,61,12.0,0.9379504451142588
10,3,2,1,3,-10.8840838561105,29.5050959872993,12.687868481261773,14.098263191280195,-0.00760847846019505,1.0554331571302955,2.4518172326547862,40,-4.0,0.9635127613831391
10,3,2,2,1,-7.06916247716748,-2.22341012209596,-4.1203660824766315,1.017776471627903,-8.932879468742495e-05,0.25728756825450577,0.65655880506948,5,24.0,0.39662131842225296
10,3,2,2,2,-1.02791677078672,48.2356215860128,15.614222990511514,16.366972813075762,0.007724411392724962,1.6093681361857075,3.2384546123224,49,12.0,0.9379504451142588
10,3,2,2,3,-13.5445637679826,30.5548110607235,12.070765136290118,14.722311705125138,0.00296231922794257,1.0125673462798326,1.7557000969821699,44,-4.0,0.9635127613831391
10,3,3,1,1,-14.7271954806655,12.8219614662599,4.18559428728154,6.585015598798783,-0.003137606903848715,1.101265264447931,1.9478102081789803,28,23.0,0.5351681575335125
10,3,3,1,2,-2.69885234488408,59.2640582528441,16.980244523154905,20.39107591563844,0.005607055456545051,2.056564010549922,4.0820547926836,62,14.0,0.9759839725131628
10,3,3,1,3,-8.01953064915871,30.9185571982045,14.117677369189295,13.05769940022384,0.006724996838986151,0.9921533709897113,1.953990330707037,39,-6.0,0.9658011347027979
10,3,3,2,1,-6.70791610215349,-1.44268270213777,-3.510865808711152,1.2095516515666054,0.007480558418128019,0.24786413022859333,0.6140942088692398,5,23.0,0.5351681575335125
10,3,3,2,2,-1.57337809398001,46.3433154496238,13.87390906000512,17.016521873724184,-0.005540865265752384,1.5649338062662592,3.2790327904338987,48,14.0,0.9759839725131628
10,3,3,2,3,-13.3685227134508,31.9522491902638,10.099499920448464,15.263394198229,-0.00905933620789208,1.0313504075786,1.7862694083876995,45,-6.0,0.9658011347027979
10,3,4,1,1,-14.9429147577777,11.355573591109,4.492490220306663,6.838830575670685,0.00860093626274079,1.071700570783743,1.780786445352259,26,19.0,0.595593457502151
10,3,4,1,2,-4.06696199274521,57.0113503906628,18.141034265567793,18.63528540826141,-0.02326711490809109,2.002723031487257,3.819657236221797,61,7.0,0.9756187811004656
10,3,4,1,3,-9.12876141043305,29.3013375173222,13.820510880555345,13.115337912211261,-0.008255517822378227,0.995609330574885,2.12893931542555,38,-6.0,0.954221393999091
10,3,4,2,1,-8.52532433443996,-2.01586080767138,-4.276707327998208,1.373053072488887,-0.0037419467700216826,0.33613148818913485,0.5913189719260998,7,19.0,0.595593457502151
10,3,4,2,2,-3.51746166312272,50.1189002743839,16.030869967675812,16.79276049251075,-0.024503385166401277,1.7635495499007956,3.368538830136501,54,7.0,0.9756187811004656
10,3,4,2,3,-13.7204773060493,29.8936437347069,11.716019710888453,14.572403841331953,-0.0024563299482593948,1.0324328218054384,1.8146879718347986,44,-6.0,0.954221393999091
10,3,5,1,1,-12.6122653596805,15.6183602063504,5.556248879909559,6.779546072203179,-0.0030417754558406855,1.1314285972296052,1.598067499280699,28,21.0,0.5911322419178908
10,3,5,1,2,-3.65872254293259,56.4475166615277,15.995151919351194,19.16406775258393,0.005235796165947424,1.970706606034215,4.053724516060001,60,7.0,0.9908506001619561
10,3,5,1,3,-8.69617161131346,28.9379187060724,13.94899347428177,12.775882607519737,0.014839206739022755,0.9626873990986209,2.16082429912058,38,-8.0,0.9484882066400941
10,3,5,2,1,-7.60320401626123,-0.945766464125573,-3.7777358525816735,1.668443748100334,-0.005139791219207721,0.362176178804228,0.8306641836655304,7,21.0,0.5911322419178908
10,3,5,2,2,-2.97677744003261,50.0153222884067,15.619159386679108,17.502082827340352,0.013939328723299314,1.7365116053867478,3.6371700922517007,53,7.0,0.9908506001619561
10,3,5,2,3,-12.6235038640837,33.2602194422023,12.416212748920088,15.208580159002024,0.01819886375010592,1.0432252110347948,1.994647351609276,46,-8.0,0.9484882066400941
10,3,6,1,1,-12.8765273963555,13.0176094352207,4.8987484736108895,6.298305656619374,-0.015351696878118229,1.0079043552427531,1.6944846559449402,26,19.0,0.5510195756975432
10,3,6,1,2,-3.34066216021703,56.0648448634685,16.617524090298367,18.545381230921127,-0.006015389687385747,1.962386357245652,3.909578316993599,59,7.0,0.950545293076244
10,3,6,1,3,-9.07954410693203,30.1519275169496,14.21339789905528,13.307979887125443,-0.01821351261309899,0.9859576844163148,1.9998836384256604,39,-4.0,0.9493929769034266
10,3,6,2,1,-8.00093669266853,-1.09423923041031,-4.118665799308078,1.553448975461264,0.005964745490036533,0.3564158110896241,0.7222156889369504,7,19.0,0.5510195756975432
10,3,6,2,2,-3.71963285325207,48.4633381865006,15.443604882812224,17.007664415392483,-0.017238454391795152,1.7691638295839764,3.8137545861770015,52,7.0,0.950545293076244
10,3,6,2,3,-12.0527388165177,30.4877913962531,12.678102503256168,14.396894950094435,-0.008952178417970282,0.9959113919336915,1.9106199174343002,43,-4.0,0.9493929769034266
10,3,7,1,1,-13.9760712199637,11.6949135396874,4.27999359321486,6.3017784529397955,-0.0037464175494598094,0.9666432063374352,1.8089575291016793,26,20.0,0.7449372112879369
10,3,7,1,2,-3.46017438528705,57.2921463952415,17.544800810692422,19.202184402843812,-0.003025886400075441,1.9656148956892234,3.6962990638613,61,7.0,0.9923080448459787
10,3,7,1,3,-10.2346941597877,29.1393266907456,12.398079907669485,13.355621082923896,0.00020932464443562944,0.9766800184024368,1.9486748378156298,39,-5.0,0.9842836846116706
10,3,7,2,1,-7.27886107596007,-1.28653543599976,-4.005038965586074,1.4272586827296612,-0.0052911161333283165,0.3348306786094287,0.7841028361824502,6,20.0,0.7449372112879369
10,3,7,2,2,-3.04715634046927,50.472537479855,15.673333168689984,17.443723709775774,0.011174265656094057,1.8400493689179216,3.901590875281098,54,7.0,0.9923080448459787
10,3,7,2,3,-12.7523228662183,30.9564831329839,12.378647757848599,14.927577757644594,0.005862786855841598,1.0296273272147924,2.005181993763718,44,-5.0,0.9842836846116706
10,3,8,1,1,-10.48495641038,13.6947591581669,4.972162120959822,5.963640427023676,0.00878891785826732,0.933701502286537,1.2342798685581293,24,15.0,0.8147556354672203
10,3,8,1,2,-3.3404688936043,56.8753960575755,16.358994309874877,19.295089138437973,0.016787076438097914,1.935767717214847,4.083033740720701,60,3.0,0.9972515889535798
10,3,8,1,3,-9.79127931058446,27.898748853494,13.095795604906083,13.148103683583816,0.0011335767746564625,0.9639769809369182,1.983320468979148,38,-8.0,0.9636679172432591
10,3,8,2,1,-9.75086695136262,-0.785390790522504,-4.031724022079661,2.2371725002478744,-0.00017509569589871789,0.4318167077578166,0.8369597641133,9,15.0,0.8147556354672203
10,3,8,2,2,-3.22468726034025,53.7597069319593,15.479382140248148,18.48257060958568,-0.008977805790653373,1.9012350102219444,3.7236851674177025,57,3.0,0.9972515889535798
10,3,8,2,3,-13.3888783132846,32.1901687630698,11.53224533566422,15.4583804505002,-0.008433039836757411,1.0798198525215328,2.087345919625103,46,-8.0,0.9636679172432591
10,3,9,1,1,-11.2943619704337,12.6806188470174,5.038510917816665,6.015161583579746,-0.008122524673319014,0.9532115761171883,1.3774976030193002,24,17.0,0.7031152037801673
10,3,9,1,2,-1.46793966049809,54.7742274217747,18.38750438465584,18.102856839519564,0.0060726809956761305,1.859381845884755,3.783328993218902,56,1.0,0.9955471897205309
10,3,9,1,3,-8.13477099186192,28.8332133375913,13.68393748520886,12.73603215113575,0.005660881178524768,0.9040829372584919,1.6546621626873672,37,-6.0,0.9452019098889168
10,3,9,2,1,-7.91891948970487,-0.964694471022655,-3.8518880851447834,1.856882932401567,-0.0013168743619393116,0.36670973545976937,0.94321567311649,7,17.0,0.7031152037801673
10,3,9,2,2,-3.86205715718853,51.4520440237583,15.695330966983885,17.644235383383975,-0.008248717376809609,1.8548687842452178,3.6230083232564,55,1.0,0.9955471897205309
10,3,9,2,3,-12.4059200803952,30.3510501846113,11.396587959648523,14.90399678357169,0.003489833062041608,1.019890108122977,2.08121568552246,43,-6.0,0.9452019098889168
10,3,10,1,1,-14.6308596050519,11.6543869914917,3.908323676939271,6.570322771413146,0.0025499374849700966,1.0251347506120343,1.6290977238326203,26,20.0,0.7831945536484656
10,3,10,1,2,-3.5326512729976,57.374687310722,18.89106820091084,18.893064040715277,-0.026836638057126955,2.0157441175672903,3.8275255244452993,61,8.0,0.9962500278158949
10,3,10,1,3,-8.63889283090178,29.2821918661636,14.035818554638247,13.332365065913137,-0.0071434358571990176,0.980644831557634,1.9470293011887896,38,-7.0,0.9729027189147973
10,3,10,2,1,-7.47846886586991,-1.51611634704643,-4.074703697288199,1.4813732798694497,0.00740185745029931,0.29232149794361906,0.6749152277999597,6,20.0,0.7831945536484656
10,3,10,2,2,-3.17446485965055,50.1873535827165,15.802688628508532,17.034774583511272,0.014130527988867029,1.7590342090851008,3.523473762856,53,8.0,0.9962500278158949
10,3,10,2,3,-12.7530961446124,32.1950010585946,12.226518015054209,15.25664436432145,0.012856645658203967,1.0348241801555818,1.8733132998503699,45,-7.0,0.9729027189147973
